"step","downstreamPressure_DP36_572,73-0,32-0,23=2.03157"
0,4.3786798
1000,2.1424932
2000,2.1159177
3000,2.0199313
4000,2.0226636
5000,2.0162458
6000,2.0335772
7000,2.03022
8000,2.0576673
9000,2.0253782
10000,2.046385
11000,2.0287983
12000,2.0269322
13000,2.0242069
14000,2.0341527
15000,2.0537443
16000,2.0287542
17000,2.0444102
18000,2.0304236
19000,2.0260754
20000,2.0143743
21000,2.037043
22000,2.0147853
23000,2.0416598
24000,2.0375886
25000,2.0289526
26000,2.0517073
27000,2.064736
28000,2.0298586
29000,2.0410376
30000,2.041163
31000,2.0331616
32000,2.0339751
33000,2.0093617
34000,2.0327275
35000,2.0395262
36000,2.0424318
37000,2.018969
38000,2.022553
39000,2.0210798
40000,2.0235958
41000,2.0369117
42000,2.0276792
43000,2.0374193
44000,2.0328212
45000,2.0306833
46000,2.0410516
47000,2.0182712
48000,2.0273328
49000,2.0243769
50000,2.0187488
51000,2.034926
52000,2.0296068
53000,2.0291824
54000,2.0270085
55000,2.0227022
56000,2.0348368
57000,2.0354202
58000,2.0268526
59000,2.0268025
60000,2.03819
61000,2.0293884
62000,2.0345054
63000,2.0317717
64000,2.0386634
65000,2.0303771
66000,2.031909
67000,2.0313482
68000,2.0326166
69000,2.0357943
70000,2.0292382
71000,2.0230927
72000,2.0329847
73000,2.0269809
74000,2.0309408
75000,2.032846
76000,2.034671
77000,2.0310574
78000,2.028387
79000,2.0317717
80000,2.0305314
81000,2.0325506
82000,2.03616
83000,2.0309803
84000,2.0324254
85000,2.032565
86000,2.0331173
87000,2.0348978
88000,2.0321934
89000,2.0301375
90000,2.0355346
91000,2.0314589
92000,2.032323
93000,2.031106
94000,2.0239024
95000,2.0344615
96000,2.0294871
97000,2.028987
98000,2.0273547
99000,2.0326538
100000,2.0310621
