"step","downstreamPressure_DP160_257,50-0,98-0,23=4.24236"
500000,3.9305706
