"step","downstreamPressure_DP156_437,50-0,26-0,15=2.57115"
0,4.825559
1000,2.303472
2000,2.2991872
3000,2.2691646
4000,2.2135677
5000,2.3485057
6000,2.222674
7000,2.3034065
8000,2.300315
9000,2.303887
10000,2.3240354
11000,2.2667923
12000,2.2782292
13000,2.2772355
14000,2.2964454
15000,2.300498
16000,2.306559
17000,2.2908807
18000,2.2896357
19000,2.3138044
20000,2.2895958
21000,2.288962
22000,2.3169644
23000,2.286179
24000,2.3328772
25000,2.302472
26000,2.2996836
27000,2.3264942
28000,2.3034031
29000,2.3106065
30000,2.3289506
31000,2.317771
32000,2.305873
33000,2.339998
34000,2.338525
35000,2.3391333
36000,2.3560088
37000,2.351678
38000,2.3365958
39000,2.354395
40000,2.352601
41000,2.3695967
42000,2.362812
43000,2.3560843
44000,2.371624
45000,2.3774636
46000,2.3796303
47000,2.3702073
48000,2.3865004
49000,2.3662834
50000,2.3847854
51000,2.3990145
52000,2.3871002
53000,2.3911638
54000,2.4014337
55000,2.4154963
56000,2.3857305
57000,2.3908515
58000,2.3912132
59000,2.3897488
60000,2.401051
61000,2.3961987
62000,2.3959217
63000,2.3928537
64000,2.3961067
65000,2.3992567
66000,2.4026642
67000,2.4181244
68000,2.3937855
69000,2.4029763
70000,2.4005942
71000,2.4078283
72000,2.4093313
73000,2.3987606
74000,2.4035392
75000,2.4046412
76000,2.4154122
77000,2.4069018
78000,2.4053345
79000,2.4157245
80000,2.4092078
81000,2.4088001
82000,2.4146552
83000,2.4181147
84000,2.408839
85000,2.4070346
86000,2.4088185
87000,2.4050648
88000,2.4085598
89000,2.4109192
90000,2.4166684
91000,2.4099143
92000,2.4119005
93000,2.4127266
94000,2.4116917
95000,2.411963
96000,2.4093182
97000,2.4096699
98000,2.411128
99000,2.410309
100000,2.4137158
