"step","upstreamPressure_DP155_662,50-0,74-0,13=6.82799"
0,1.6278886
1000,3.656685
2000,4.3998756
3000,4.945243
4000,5.6600866
5000,6.007431
6000,6.2279224
7000,6.39376
8000,6.566405
9000,6.6378107
10000,6.6559677
11000,6.772195
12000,6.821918
13000,6.9533644
14000,7.027729
15000,7.038062
16000,7.038575
17000,7.045353
18000,7.043761
19000,7.0419464
20000,7.0090904
21000,7.0484524
22000,7.049057
23000,7.1511617
24000,7.05398
25000,7.0897613
26000,7.0591917
27000,7.14468
28000,7.0511427
29000,7.014753
30000,7.0250225
31000,6.9760776
32000,6.9624014
33000,6.9564886
34000,6.9922323
35000,7.0037174
36000,6.991438
37000,6.9918528
38000,6.976155
39000,6.9534764
40000,6.942167
41000,6.967026
42000,6.807354
43000,6.893939
44000,6.906871
45000,6.9127755
46000,6.915189
47000,6.8810444
48000,6.91076
49000,6.893989
50000,6.8995686
51000,6.93142
52000,6.8855906
53000,6.873025
54000,6.8720703
55000,6.896407
56000,6.8667507
57000,6.8622413
58000,6.9579687
59000,6.8827753
60000,6.867143
61000,6.8509808
62000,6.8547616
63000,6.847744
64000,6.859928
65000,6.8687863
66000,6.8469963
67000,6.8358407
68000,6.858258
69000,6.8489494
70000,6.8487024
71000,6.857998
72000,6.841825
73000,6.8389087
74000,6.844662
75000,6.8370247
76000,6.8550353
77000,6.871958
78000,6.8474283
79000,6.844431
80000,6.827883
81000,6.8336525
82000,6.8182096
83000,6.8307533
84000,6.8197126
85000,6.833064
86000,6.820031
87000,6.833256
88000,6.8160653
89000,6.8187304
90000,6.846038
91000,6.8323703
92000,6.8281803
93000,6.831492
94000,6.821723
95000,6.8222713
96000,6.8045416
97000,6.8356123
98000,6.801484
99000,6.8178453
100000,6.824956
