"step","downstreamPressure_DP162_302,50-0,54-0,27=3.65749"
500000,3.427895
