"step","downstreamPressure_DP159_932,50-0,66-0,21=1.38966"
500000,1.7398704
