"step","upstreamPressure_DP5_1000,00-0,65-0,12=5.87479"
500000,6.248305
