"step","upstreamPressure_DP161_707,50-0,22-0,25=6.64503"
500000,6.628681
