"step","upstreamPressure_DP155_662,50-0,74-0,13=6.82799"
500000,6.7390614
