"step","downstreamPressure_DP79_972,73-0,89-0,39=1.39173"
0.0,3.1730247
1000.0,1.381564
2000.0,1.352187
3000.0,1.4305944
4000.0,1.4387994
5000.0,1.3975079
6000.0,1.3293996
7000.0,1.4619477
8000.0,1.3839018
9000.0,1.3646756
10000.0,1.4034727
11000.0,1.3972154
12000.0,1.3721209
13000.0,1.3832986
14000.0,1.3890908
15000.0,1.4374424
16000.0,1.3879772
17000.0,1.386303
18000.0,1.3781108
19000.0,1.3960338
20000.0,1.401937
21000.0,1.4042175
22000.0,1.3684962
23000.0,1.3702579
24000.0,1.3929832
25000.0,1.3952798
26000.0,1.3892459
27000.0,1.3890076
28000.0,1.4041221
29000.0,1.3997967
30000.0,1.3776414
31000.0,1.3818487
32000.0,1.3857896
33000.0,1.4061526
34000.0,1.3862995
35000.0,1.3731775
36000.0,1.4025435
37000.0,1.3914528
38000.0,1.3907325
39000.0,1.389867
40000.0,1.3979485
41000.0,1.3852895
42000.0,1.3890424
43000.0,1.3962796
44000.0,1.4050128
45000.0,1.3918514
46000.0,1.3882416
47000.0,1.3753461
48000.0,1.3910698
49000.0,1.394025
50000.0,1.3976054
51000.0,1.4008955
52000.0,1.3882474
53000.0,1.3877391
54000.0,1.3968083
55000.0,1.3923455
56000.0,1.3960043
57000.0,1.3885207
58000.0,1.3833231
59000.0,1.3937359
60000.0,1.3993134
61000.0,1.4064813
62000.0,1.3922641
63000.0,1.3997698
64000.0,1.3986403
65000.0,1.3913038
66000.0,1.3935187
67000.0,1.3880873
68000.0,1.3917876
69000.0,1.3900331
70000.0,1.3877492
71000.0,1.403512
72000.0,1.3936145
73000.0,1.3914404
74000.0,1.3885798
75000.0,1.3924705
76000.0,1.3915403
77000.0,1.3895952
78000.0,1.3912642
79000.0,1.4010934
80000.0,1.3920989
81000.0,1.3888202
82000.0,1.3962822
83000.0,1.3894914
84000.0,1.389518
85000.0,1.394296
86000.0,1.3890246
87000.0,1.3898251
88000.0,1.3876433
89000.0,1.3929417
90000.0,1.3849647
91000.0,1.3865969
92000.0,1.3942051
93000.0,1.3908987
94000.0,1.3947238
95000.0,1.3922684
96000.0,1.3904201
97000.0,1.3923463
98000.0,1.3889861
99000.0,1.3887792
100000.0,1.3893646
101000.0,1.4473960399627686
101000.0,1.4474269151687622
