"step","downstreamPressure_DP156_437,50-0,26-0,15=2.57115"
0.0,4.641611
1000.0,2.41238
2000.0,2.3315868
3000.0,2.4155648
4000.0,2.49181
5000.0,2.4882545
6000.0,2.4255748
7000.0,2.5286345
8000.0,2.4970255
9000.0,2.4936397
10000.0,2.5482006
11000.0,2.5004714
12000.0,2.4975638
13000.0,2.4893923
14000.0,2.5242872
15000.0,2.5207152
16000.0,2.5154414
17000.0,2.4956694
18000.0,2.5199769
19000.0,2.539688
20000.0,2.5201333
21000.0,2.5354524
22000.0,2.489977
23000.0,2.5263352
24000.0,2.5136137
25000.0,2.5140915
26000.0,2.5143538
27000.0,2.5013113
28000.0,2.5129898
29000.0,2.4997528
30000.0,2.4647307
31000.0,2.5240943
32000.0,2.5041633
33000.0,2.5118525
34000.0,2.5011392
35000.0,2.4975762
36000.0,2.530644
37000.0,2.5067005
38000.0,2.4873705
39000.0,2.4958098
40000.0,2.5144663
41000.0,2.488313
42000.0,2.492464
43000.0,2.5046167
44000.0,2.5216012
45000.0,2.5040631
46000.0,2.499195
47000.0,2.4987712
48000.0,2.5060363
49000.0,2.5148673
50000.0,2.522444
51000.0,2.520174
52000.0,2.507857
53000.0,2.5050101
54000.0,2.5236561
55000.0,2.5172248
56000.0,2.521303
57000.0,2.518919
58000.0,2.51547
59000.0,2.526349
60000.0,2.5212305
61000.0,2.5320747
62000.0,2.5109727
63000.0,2.5268736
64000.0,2.5200362
65000.0,2.5112588
66000.0,2.5128386
67000.0,2.513854
68000.0,2.5213008
69000.0,2.5213003
70000.0,2.5198512
71000.0,2.518809
72000.0,2.5252566
73000.0,2.5279417
74000.0,2.5257945
75000.0,2.5073416
76000.0,2.514915
77000.0,2.5170949
78000.0,2.520504
79000.0,2.5385156
80000.0,2.5203357
81000.0,2.530015
82000.0,2.5249667
83000.0,2.5200822
84000.0,2.5272832
85000.0,2.5358262
86000.0,2.5254993
87000.0,2.5289202
88000.0,2.5371413
89000.0,2.5385091
90000.0,2.5276814
91000.0,2.5291471
92000.0,2.5358965
93000.0,2.5318003
94000.0,2.53257
95000.0,2.533588
96000.0,2.5294156
97000.0,2.5341506
98000.0,2.5342374
99000.0,2.5289707
100000.0,2.5300443
101000.0,2.553657054901123
101000.0,2.5534396171569824
