"step","upstreamPressure_DP157_617,50-0,90-0,17=7.00055"
0.0,3.7231247
1000.0,6.5578995
2000.0,6.636831
3000.0,6.688142
4000.0,6.7445107
5000.0,6.7552967
6000.0,6.7060776
7000.0,6.7842627
8000.0,6.754489
9000.0,6.724415
10000.0,6.7969666
11000.0,6.7970505
12000.0,6.792233
13000.0,6.7924194
14000.0,6.811431
15000.0,6.8374596
16000.0,6.8265133
17000.0,6.8302546
18000.0,6.8100557
19000.0,6.837492
20000.0,6.855026
21000.0,6.84396
22000.0,6.800956
23000.0,6.841568
24000.0,6.827062
25000.0,6.8391333
26000.0,6.807954
27000.0,6.81263
28000.0,6.827775
29000.0,6.8133383
30000.0,6.7915077
31000.0,6.8217564
32000.0,6.832846
33000.0,6.822807
34000.0,6.8170385
35000.0,6.815869
36000.0,6.841487
37000.0,6.8225694
38000.0,6.80907
39000.0,6.8186073
40000.0,6.8233767
41000.0,6.821749
42000.0,6.832174
43000.0,6.839615
44000.0,6.823495
45000.0,6.803323
46000.0,6.8191056
47000.0,6.820818
48000.0,6.812022
49000.0,6.8410625
50000.0,6.8235264
51000.0,6.829468
52000.0,6.842348
53000.0,6.8363233
54000.0,6.854987
55000.0,6.837368
56000.0,6.8476934
57000.0,6.843147
58000.0,6.8436785
59000.0,6.8535705
60000.0,6.8519964
61000.0,6.8524437
62000.0,6.870814
63000.0,6.8671865
64000.0,6.857937
65000.0,6.8573713
66000.0,6.8590393
67000.0,6.840655
68000.0,6.858053
69000.0,6.8516693
70000.0,6.854254
71000.0,6.8606396
72000.0,6.8570447
73000.0,6.8680677
74000.0,6.8570623
75000.0,6.8656406
76000.0,6.849807
77000.0,6.868053
78000.0,6.8676434
79000.0,6.8713965
80000.0,6.8680634
81000.0,6.8680706
82000.0,6.8744154
83000.0,6.8737106
84000.0,6.8758006
85000.0,6.871021
86000.0,6.872608
87000.0,6.867132
88000.0,6.8682384
89000.0,6.872596
90000.0,6.8713827
91000.0,6.863958
92000.0,6.8722534
93000.0,6.87197
94000.0,6.8735924
95000.0,6.87731
96000.0,6.8736687
97000.0,6.8793592
98000.0,6.876821
99000.0,6.8776193
100000.0,6.8807144
101000.0,6.692802429199219
101000.0,6.692694664001465
