"step","downstreamPressure_DP169_527,50-0,82-0,41=2.22699"
300000,2.2294836
