"step","downstreamPressure_DP171_977,50-0,58-0,45=1.36266"
300000,1.9987532
