"step","downstreamPressure_DP170_572,50-0,86-0,43=2.05888"
300000,2.1740835
