"step","downstreamPressure_DP154_482,50-0,38-0,11=2.36858"
300000,2.2420037
