"step","downstreamPressure_DP157_617,50-0,90-0,17=1.94625"
300000,2.0613077
