"step","downstreamPressure_DP156_437,50-0,26-0,15=2.57115"
300000,2.366193
