"step","downstreamPressure_DP167_212,50-0,70-0,37=5.09347"
300000,4.5590925
