"step","downstreamPressure_DP160_257,50-0,98-0,23=4.24236"
300000,3.7199187
