"step","downstreamPressure_DP173_392,50-0,30-0,49=2.82539"
300000,2.6348486
