"step","downstreamPressure_DP165_347,50-0,50-0,33=3.22474"
300000,2.8490968
