"step","upstreamPressure_DP171_977,50-0,58-0,45=5.84562"
300000,6.4121933
