"step","upstreamPressure_DP159_932,50-0,66-0,21=5.95092"
300000,6.4495544
