"step","upstreamPressure_DP173_392,50-0,30-0,49=8.71445"
300000,8.529007
