"step","upstreamPressure_DP155_662,50-0,74-0,13=6.82799"
300000,6.909827
