"step","upstreamPressure_DP166_797,50-0,94-0,35=6.25159"
300000,6.6102486
