"step","downstreamPressure_DP154_482,50-0,38-0,11=2.36858"
0,-0.060765795
1000,0.0111701535
2000,0.07985323
3000,0.23662922
4000,0.4731409
5000,0.63039875
6000,0.7620603
7000,1.4768434
8000,1.8954124
9000,1.7880831
10000,2.1665802
11000,2.1271293
12000,2.0908036
13000,2.4592366
14000,2.4064002
15000,2.4943295
16000,2.407054
17000,2.4492354
18000,2.557011
19000,2.4086716
20000,2.5347705
21000,2.544447
22000,2.441748
23000,2.377085
24000,2.63338
25000,2.3662763
26000,2.5607953
27000,2.4920373
28000,2.531262
29000,2.5346625
30000,2.4162862
31000,2.6212683
32000,2.5269356
33000,2.6295738
34000,2.6516595
35000,2.4935293
36000,2.5891588
37000,2.6453075
38000,2.6174479
39000,2.71609
40000,2.5797968
41000,2.6390705
42000,2.727294
43000,2.6959362
44000,2.7245584
45000,2.6892338
46000,2.7258983
47000,2.7121596
48000,2.770612
49000,2.7653427
50000,2.7531638
51000,2.7096741
52000,2.7948284
53000,2.748798
54000,2.770854
55000,2.7386107
56000,2.7270498
57000,2.6942987
58000,2.7112389
59000,2.7005663
60000,2.7806845
61000,2.7520556
62000,2.7250943
63000,2.732636
64000,2.724517
65000,2.7548516
66000,2.7341576
67000,2.7441523
68000,2.6848004
69000,2.7634668
70000,2.7256234
71000,2.7474828
72000,2.73288
73000,2.7556057
74000,2.7270243
75000,2.7818484
76000,2.7413669
77000,2.7763638
78000,2.7890787
79000,2.77697
80000,2.780608
81000,2.7802649
82000,2.7951717
83000,2.7906985
84000,2.7919
85000,2.8170059
86000,2.793746
87000,2.7918239
88000,2.7988362
89000,2.7950463
90000,2.7968726
91000,2.810828
92000,2.7958255
93000,2.8127666
94000,2.8409073
95000,2.8027678
96000,2.8173375
97000,2.832489
98000,2.838553
99000,2.8378086
100000,2.845179
