"step","downstreamPressure_DP157_617,50-0,90-0,17=1.94625"
0,3.4394505
1000,1.6933746
2000,1.8197916
3000,1.8046124
4000,1.8214214
5000,1.853558
6000,1.8854761
7000,1.9083072
8000,1.8897759
9000,1.8515925
10000,1.884474
11000,1.8822439
12000,1.8754194
13000,1.8932973
14000,1.8845675
15000,1.9011017
16000,1.9040546
17000,1.8843063
18000,1.88873
19000,1.8520718
20000,1.8683062
21000,1.8844352
22000,1.8631728
23000,1.882061
24000,1.8750992
25000,1.8778186
26000,1.8871068
27000,1.8979857
28000,1.892862
29000,1.8747579
30000,1.862205
31000,1.8866925
32000,1.8854661
33000,1.8605456
34000,1.8896337
35000,1.8856707
36000,1.8931284
37000,1.8697845
38000,1.8694038
39000,1.8716245
40000,1.8741474
41000,1.8903611
42000,1.8788521
43000,1.8910608
44000,1.8774886
45000,1.8788197
46000,1.8901384
47000,1.8854761
48000,1.8771586
49000,1.8817402
50000,1.8671217
51000,1.8868427
52000,1.8819447
53000,1.8829575
54000,1.881314
55000,1.8781489
56000,1.884212
57000,1.8940661
58000,1.8871945
59000,1.8810124
60000,1.8972993
61000,1.8869215
62000,1.8955637
63000,1.8863343
64000,1.8963723
65000,1.880646
66000,1.8844528
67000,1.8880055
68000,1.8879008
69000,1.8907661
70000,1.8844907
71000,1.8831618
72000,1.8898008
73000,1.8925753
74000,1.8932142
75000,1.8920059
76000,1.8919919
77000,1.8905547
78000,1.8860588
79000,1.8945394
80000,1.9009001
81000,1.9008496
82000,1.9003932
83000,1.8968513
84000,1.8974533
85000,1.8952413
86000,1.8981695
87000,1.9011279
88000,1.8971095
89000,1.8945506
90000,1.8965526
91000,1.8948418
92000,1.8975029
93000,1.8977267
94000,1.8937621
95000,1.8981011
96000,1.8979886
97000,1.8984811
98000,1.8984413
99000,1.8997614
100000,1.8979254
