"step","upstreamPressure_DP154_482,50-0,38-0,11=7.86321"
0.0,1.2207636
1000.0,6.889066
2000.0,7.0101295
3000.0,7.230084
4000.0,7.267303
5000.0,7.305212
6000.0,7.422222
7000.0,7.3959665
8000.0,7.4478965
9000.0,7.4720592
10000.0,7.49245
11000.0,7.6105003
12000.0,7.5574636
13000.0,7.564655
14000.0,7.5779157
15000.0,7.5964594
16000.0,7.60411
17000.0,7.584483
18000.0,7.6171627
19000.0,7.6498895
20000.0,7.6621737
21000.0,7.6626873
22000.0,7.6461554
23000.0,7.6611657
24000.0,7.6763334
25000.0,7.6948905
26000.0,7.6929064
27000.0,7.698222
28000.0,7.675597
29000.0,7.7176304
30000.0,7.728165
31000.0,7.725937
32000.0,7.7196813
33000.0,7.709575
34000.0,7.7411203
35000.0,7.6955466
36000.0,7.7234178
37000.0,7.758035
38000.0,7.735507
39000.0,7.7396207
40000.0,7.754322
41000.0,7.7521257
42000.0,7.753729
43000.0,7.748373
44000.0,7.7596855
45000.0,7.7498074
46000.0,7.761891
47000.0,7.7524757
48000.0,7.7800884
49000.0,7.751963
50000.0,7.749113
51000.0,7.7542953
52000.0,7.765996
53000.0,7.730283
54000.0,7.761153
55000.0,7.7668176
56000.0,7.7732267
57000.0,7.70677
58000.0,7.7184114
59000.0,7.7238784
60000.0,7.731266
61000.0,7.728099
62000.0,7.7251487
63000.0,7.741507
64000.0,7.748514
65000.0,7.7503967
66000.0,7.7473907
67000.0,7.737572
68000.0,7.7515583
69000.0,7.733547
70000.0,7.741412
71000.0,7.7524004
72000.0,7.749469
73000.0,7.756295
74000.0,7.7424526
75000.0,7.755599
76000.0,7.767805
77000.0,7.7549467
78000.0,7.7471595
79000.0,7.7602463
80000.0,7.7690077
81000.0,7.7561135
82000.0,7.7656746
83000.0,7.7550783
84000.0,7.751941
85000.0,7.7512736
86000.0,7.7576404
87000.0,7.7646446
88000.0,7.763224
89000.0,7.748866
90000.0,7.7590723
91000.0,7.7635894
92000.0,7.7440343
93000.0,7.7620573
94000.0,7.7557974
95000.0,7.7516274
96000.0,7.755321
97000.0,7.7201357
98000.0,7.754656
99000.0,7.76229
100000.0,7.7709274
