"step","cooling_inlet_flow"
0,0.06708054
1000,1.207753
2000,1.0969334
3000,1.234999
4000,1.2196193
5000,1.2235467
6000,1.2657373
7000,1.2437742
8000,1.1983161
