"step","downstreamPressure_DP161_707,50-0,22-0,25=1.70184"
0,-0.07578505
1000,0.0030399705
