"step","downstreamPressure_DP154_482,50-0,38-0,11=2.36858"
0,-0.06087544
1000,0.008886956
