"step","downstreamPressure_DP167_212,50-0,70-0,37=5.09347"
0,-0.09837246
1000,0.019703705
