"step","downstreamPressure_DP79_972,73-0,89-0,39=1.39173"
0,-0.17234482
1000,0.009460875
