"step","upstreamPressure_DP161_707,50-0,22-0,25=6.64503"
0,-0.045567453
1000,-0.48033082
