"step","upstreamPressure_DP154_482,50-0,38-0,11=7.86321"
0,-0.043699596
1000,-0.44500595
