"step","upstreamPressure_DP164_167,50-0,62-0,31=14.4744"
0,-0.057509452
1000,-0.360835
