"step","upstreamPressure_DP158_752,50-0,78-0,19=6.44549"
0,-0.107096806
1000,-0.40793005
