"step","upstreamPressure_DP167_212,50-0,70-0,37=12.3879"
0,-0.0722629
1000,-0.34752965
