"step","upstreamPressure_DP157_617,50-0,90-0,17=7.00055"
0,-0.10718267
1000,-0.39110377
