"step","upstreamPressure_DP36_572,73-0,32-0,23=7.22936"
0,-0.048539296
1000,-0.44703764
