"step","upstreamPressure_DP86_145,45-0,43-0,41=16.0418"
0,-0.04454142
1000,-0.38051835
