"step","upstreamPressure_DP155_662,50-0,74-0,13=6.82799"
0,-0.09810522
1000,-0.41177863
