"step","upstreamPressure_DP5_1000,00-0,65-0,12=5.87479"
0,-0.1103325
1000,-0.46160892
