"step","upstreamPressure_DP168_122,50-0,46-0,39=18.1787"
0,-0.045806855
1000,-0.37594584
