"step","downstreamPressure_DP36_572,73-0,32-0,23=2.03157"
0,1.4443767
1000,2.1801565
2000,2.1002579
3000,2.0939188
4000,2.001512
5000,2.0009036
6000,2.0815902
7000,2.0388665
8000,2.1259966
9000,2.017384
10000,2.1005611
11000,2.0384593
12000,2.0741918
13000,2.0031474
14000,2.1703787
15000,2.019656
16000,2.0344057
17000,2.050136
18000,2.0522146
19000,2.0375414
20000,2.0569968
21000,2.0571208
22000,2.0027924
23000,2.081953
24000,2.0520003
25000,2.0246654
26000,2.059709
27000,2.035061
28000,2.0685127
29000,2.0454714
30000,2.0389903
31000,2.0121062
32000,2.0346851
33000,2.029548
34000,2.0601745
35000,2.0312023
36000,2.022839
37000,2.0580902
38000,2.03224
39000,2.03581
40000,2.0584702
41000,2.0677543
42000,2.023954
43000,2.0657344
44000,2.0570817
45000,2.0445921
46000,2.0507944
47000,2.0513716
48000,2.0652814
49000,2.0359497
50000,2.0604322
51000,2.0549793
52000,2.0179234
53000,2.0474782
54000,2.0293431
55000,2.0473537
56000,2.031526
57000,2.0535846
58000,2.0317092
59000,2.0414476
60000,2.0305696
61000,2.033911
62000,2.0281014
63000,2.0444603
64000,2.0349786
65000,2.0398917
66000,2.022068
67000,2.052182
68000,2.055604
69000,2.045772
70000,2.0493731
71000,1.9953122
72000,2.0377293
73000,2.0236506
74000,2.0489442
75000,2.0442157
76000,2.0403965
77000,2.0251057
78000,2.0381937
79000,2.0351162
80000,2.0338936
81000,2.0432816
82000,2.0482666
83000,2.0381346
84000,2.0377111
85000,2.0514872
86000,2.0432978
87000,2.0417275
88000,2.0455453
89000,2.0244536
90000,2.043597
91000,2.0390615
92000,2.0276918
93000,2.0339017
94000,2.0476718
95000,2.0382314
96000,2.043775
97000,2.0405254
98000,2.0467834
99000,2.0274749
100000,2.0345483
