"step","downstreamPressure_DP156_437,50-0,26-0,15=2.57115"
0,1.1544973
1000,2.4513855
2000,2.577183
3000,2.586778
4000,2.492505
5000,2.5078676
6000,2.5809066
7000,2.5646114
8000,2.631836
9000,2.5346375
10000,2.606708
11000,2.538957
12000,2.5688586
13000,2.5052395
14000,2.6733928
15000,2.5137818
16000,2.539623
17000,2.5530422
18000,2.5580769
19000,2.5349984
20000,2.574612
21000,2.5652812
22000,2.513092
23000,2.5994146
24000,2.573288
25000,2.5442512
26000,2.5859926
27000,2.5508776
28000,2.611023
29000,2.565402
30000,2.5562851
31000,2.535713
32000,2.5553703
33000,2.554708
34000,2.5906599
35000,2.5528417
36000,2.5339432
37000,2.5794082
38000,2.5577083
39000,2.55656
40000,2.5842838
41000,2.588776
42000,2.5559826
43000,2.5940127
44000,2.586975
45000,2.5714874
46000,2.5724816
47000,2.5834432
48000,2.595393
49000,2.5632305
50000,2.5932627
51000,2.587397
52000,2.5489874
53000,2.5688167
54000,2.5618958
55000,2.578093
56000,2.5625167
57000,2.5882978
58000,2.5606833
59000,2.5744638
60000,2.5635178
61000,2.5694885
62000,2.5634065
63000,2.5830767
64000,2.566246
65000,2.5707288
66000,2.5541325
67000,2.5890806
68000,2.5972993
69000,2.582763
70000,2.5823903
71000,2.5309954
72000,2.5769787
73000,2.5647357
74000,2.5845456
75000,2.5725124
76000,2.576394
77000,2.5597394
78000,2.5759425
79000,2.5786614
80000,2.5706117
81000,2.584369
82000,2.5863519
83000,2.5816665
84000,2.5794806
85000,2.591998
86000,2.5865219
87000,2.5850844
88000,2.586127
89000,2.5667706
90000,2.5915487
91000,2.5819247
92000,2.5740128
93000,2.5791683
94000,2.5946395
95000,2.5823112
96000,2.5886066
97000,2.5889742
98000,2.5973902
99000,2.5747402
100000,2.581758
