"step","downstreamPressure_DP168_122,50-0,46-0,39=8.68628"
0.0,-0.07837062
1000.0,0.020110454
1000.0,0.03206411749124527
