"step","downstreamPressure_DP156_437,50-0,26-0,15=2.57115"
0.0,-0.052886076
1000.0,0.008485633
1000.0,0.019181136041879654
