"step","downstreamPressure_DP162_302,50-0,54-0,27=3.65749"
0.0,-0.0820961
1000.0,0.014539156
1000.0,0.025717929005622864
