"step","downstreamPressure_DP160_257,50-0,98-0,23=4.24236"
0.0,-0.09951587
1000.0,0.023349833
1000.0,0.03379069268703461
