"step","downstreamPressure_DP86_145,45-0,43-0,41=7.34933"
0.0,-0.080005005
1000.0,0.01886306
1000.0,0.030896354466676712
