"step","downstreamPressure_DP169_527,50-0,82-0,41=2.22699"
0,-0.0024427143
