"step","downstreamPressure_DP173_392,50-0,30-0,49=2.82539"
0,-0.020068925
