"step","downstreamPressure_DP159_932,50-0,66-0,21=1.38966"
0.0,-0.12851392
1000.0,0.006264471
1000.0,0.014646661467850208
