"step","downstreamPressure_DP155_662,50-0,74-0,13=1.8154"
0.0,-0.108117364
1000.0,0.009966755
1000.0,0.019240155816078186
