"step","downstreamPressure_DP171_977,50-0,58-0,45=1.36266"
0,0.00032738745
