"step","upstreamPressure_DP165_347,50-0,50-0,33=9.17385"
0.0,-0.0590122
1000.0,-0.3856256
1000.0,-0.3922480642795563
