"step","upstreamPressure_DP163_887,50-0,34-0,29=6.04252"
0.0,-0.075393885
1000.0,-0.47037774
1000.0,-0.48159074783325195
