"step","upstreamPressure_DP79_972,73-0,89-0,39=5.82216"
0.0,-0.14504944
1000.0,-0.40128922
1000.0,-0.4139246940612793
