"step","upstreamPressure_DP159_932,50-0,66-0,21=5.95092"
0.0,-0.11243194
1000.0,-0.4362074
1000.0,-0.44790130853652954
