"step","upstreamPressure_DP160_257,50-0,98-0,23=10.956"
0.0,-0.08727543
1000.0,-0.3526888
1000.0,-0.3592887818813324
