"step","upstreamPressure_DP163_887,50-0,34-0,29=6.04252"
0,1.8684198
1000,6.566679
2000,6.2473435
3000,6.000454
4000,6.024711
5000,6.1217046
6000,6.221916
7000,6.1208973
8000,6.062648
9000,5.307823
10000,6.0826817
11000,6.0176363
12000,6.1114073
13000,6.0190296
14000,5.924012
15000,5.9609394
16000,6.056655
17000,6.0528307
18000,6.032495
19000,6.0219536
20000,6.044764
21000,5.854535
22000,6.0182247
23000,6.0242357
24000,6.0429764
25000,6.025123
26000,5.9987874
27000,6.0399485
28000,5.9918575
29000,6.0660806
30000,6.035924
31000,6.008136
32000,5.982363
33000,6.005678
34000,6.0135365
35000,6.0313807
36000,6.031586
37000,6.012344
38000,6.048253
39000,6.049312
40000,6.054901
41000,6.011997
42000,6.0176654
43000,6.038999
44000,6.043872
45000,6.028587
46000,6.0527534
47000,6.022957
48000,5.995522
49000,6.0262423
50000,6.022441
51000,6.0662465
52000,6.0442247
53000,6.0437064
54000,6.030607
55000,6.041651
56000,6.042329
57000,6.0143366
58000,6.0408497
59000,6.0127435
60000,6.0341177
61000,6.0427604
62000,6.0435963
63000,6.035683
64000,6.0352507
65000,6.049902
66000,6.031705
67000,6.0160894
68000,6.032962
69000,6.0346537
70000,6.036289
71000,6.0151834
72000,6.0278063
73000,6.034837
74000,6.0652885
75000,6.037178
76000,6.049739
77000,6.0275335
78000,6.013462
79000,6.012083
80000,6.050103
81000,6.0075903
82000,6.0369616
83000,6.0284195
84000,6.0242343
85000,6.030672
86000,6.0464745
87000,6.0264463
88000,6.042492
89000,6.018708
90000,6.0213795
91000,6.0215216
92000,6.0317354
93000,6.0361767
94000,6.0244904
95000,6.035756
96000,6.0363035
97000,6.038371
98000,6.021165
99000,6.0323286
100000,6.032734
