model,u mean,u min,u max,v mean,v min,v max,p mean,p min,p max
physicsOnly@500k,0.05921150948852301,0.03219916671514511,0.10198399424552917,0.25404976643621924,0.10974552482366562,0.5122077465057373,0.08712751986458897,0.027361495420336723,0.22874189913272858
data1800PlusPhysicsLambda01@500k,0.05896388869732618,0.03896113485097885,0.08202093839645386,0.24715368673205376,0.1449793428182602,0.42694076895713806,0.0657648503780365,0.021635737270116806,0.15962029993534088
data1800PlusPhysicsLambda1@500k,0.04204872008413076,0.027195721864700317,0.05943712219595909,0.1509189486503601,0.07151269167661667,0.24815863370895386,0.05334823476150632,0.019120974466204643,0.12249346077442169
