model,u mean,u min,u max,v mean,v min,v max,p mean,p min,p max
data1800PlusPhysicsLambda01@100k,0.13468044847249985,0.09667879343032837,0.19470034539699554,0.4200876533985138,0.28513598442077637,0.5650870203971863,0.16696516424417496,0.09018128365278244,0.32445764541625977
data1800PlusPhysicsLambda01@300k,0.06501481048762799,0.045330122113227844,0.08987469971179962,0.2634087763726711,0.15814967453479767,0.43737873435020447,0.0733349097892642,0.025254683569073677,0.17569781839847565
data1800PlusPhysicsLambda01@500k,0.06443540006875992,0.04463459923863411,0.08927777409553528,0.2629843346774578,0.1580279916524887,0.4361746907234192,0.07258059764280915,0.024725614115595818,0.17389751970767975
physicsOnly@100k,0.18796212375164031,0.1214083880186081,0.2802681624889374,0.574623416364193,0.3752343952655792,0.8411518931388855,0.4611726142466068,0.15505477786064148,0.9970360994338989
physicsOnly@300k,0.06673567481338978,0.03566451370716095,0.11222623288631439,0.2775744959712029,0.13267560303211212,0.5367156863212585,0.10880025401711464,0.027374740689992905,0.29547587037086487
physicsOnly@500k,0.05921150948852301,0.03219916671514511,0.10198399424552917,0.25404976643621924,0.10974552482366562,0.5122077465057373,0.08712751986458897,0.027361495420336723,0.22874189913272858
