model,u mean,u min,u max,v mean,v min,v max,p mean,p min,p max
Lo01_physicsOnly@500k,0.06678227428346872,0.035867996513843536,0.11607765406370163,0.2829650681465864,0.11533152312040329,0.5661938786506653,0.11250018496066332,0.02703395113348961,0.32972103357315063
fixed_physicsOnly@300k,0.18105481639504434,0.08864912390708923,0.546871542930603,0.46192760691046714,0.2427806705236435,0.7923707962036133,0.6149994507431984,0.06802991032600403,1.474266529083252
physicsOnly@100k,0.18796212375164031,0.1214083880186081,0.2802681624889374,0.574623416364193,0.3752343952655792,0.8411518931388855,0.4611726142466068,0.15505477786064148,0.9970360994338989
physicsOnly@300k,0.06673567481338978,0.03566451370716095,0.11222623288631439,0.2775744959712029,0.13267560303211212,0.5367156863212585,0.10880025401711464,0.027374740689992905,0.29547587037086487
physicsOnly@500k,0.06400544606149197,0.035066645592451096,0.10834889858961105,0.2684247624129057,0.1235131248831749,0.5271012187004089,0.10024088071659207,0.027405941858887672,0.2711176872253418
