"step","downstreamPressure_DP157_617,50-0,90-0,17=1.94625"
0,2.173919
1000,1.8294153
2000,1.8502624
3000,1.8801916
4000,1.8617742
5000,1.9217665
6000,1.9010248
7000,1.904769
8000,1.8384054
9000,1.8711097
10000,1.8560125
11000,1.9181365
12000,1.9061829
13000,1.9130335
14000,1.9062116
15000,1.9277914
16000,1.9186661
17000,1.9384147
18000,1.9241478
19000,1.9407626
20000,1.9273803
21000,1.948993
22000,1.9112414
23000,1.9378381
24000,1.9352915
25000,1.9401994
26000,1.9595916
27000,1.9490395
28000,1.9455585
29000,1.953712
30000,1.9557405
31000,1.9537759
32000,1.9550614
33000,1.976434
34000,1.9588345
35000,1.9669497
36000,1.9407314
37000,1.9476731
38000,1.9416211
39000,1.9694638
40000,1.9658377
41000,1.9736679
42000,1.977056
43000,1.9747691
44000,1.9593613
45000,1.9666274
46000,1.9671266
47000,1.9687929
48000,1.9613798
49000,1.9669923
50000,1.9628803
51000,1.9853349
52000,1.9542179
53000,1.9609274
54000,1.9538764
55000,1.9577212
56000,1.9915226
57000,1.9679072
58000,1.9566069
59000,1.9462364
60000,1.956348
61000,1.9476945
62000,1.9686224
63000,1.962397
64000,1.9712605
65000,1.9626546
66000,1.9503846
67000,1.9553967
68000,1.9464048
69000,1.9506228
70000,1.9516381
71000,1.959988
72000,1.9554995
73000,1.9617338
74000,1.9509671
75000,1.9493828
76000,1.9550682
77000,1.9562061
78000,1.951434
79000,1.9545745
80000,1.9536009
81000,1.942595
82000,1.951859
83000,1.9475446
84000,1.9426252
85000,1.9501662
86000,1.96348
87000,1.9535155
88000,1.9533422
89000,1.9440004
90000,1.9470167
91000,1.950781
92000,1.9472842
93000,1.9588314
94000,1.9546919
95000,1.9484758
96000,1.9626569
97000,1.9572644
98000,1.9576317
99000,1.9581096
100000,1.947462
