"step","downstreamPressure_DP162_302,50-0,54-0,27=3.65749"
0,2.0498807
1000,2.874116
2000,3.0809216
3000,3.1960704
4000,3.1709895
5000,3.2856185
6000,3.241416
7000,3.304927
8000,3.2848027
9000,3.288147
10000,3.356851
11000,3.3614411
12000,3.3656273
13000,3.389202
14000,3.396995
15000,3.440437
16000,3.4153662
17000,3.4593153
18000,3.4904308
19000,3.5033696
20000,3.4980376
21000,3.517192
22000,3.476712
23000,3.4760292
24000,3.507097
25000,3.5018313
26000,3.5081983
27000,3.516955
28000,3.5003781
29000,3.501821
30000,3.5144954
31000,3.510323
32000,3.536102
33000,3.5260592
34000,3.5302153
35000,3.5266306
36000,3.5236998
37000,3.5195215
38000,3.5049112
39000,3.53517
40000,3.5333953
41000,3.5287354
42000,3.537889
43000,3.5491858
44000,3.5523157
45000,3.560411
46000,3.5515907
47000,3.5516226
48000,3.5556796
49000,3.565029
50000,3.5482073
51000,3.5570924
52000,3.546897
53000,3.557321
54000,3.558589
55000,3.5652409
56000,3.5696845
57000,3.5797803
58000,3.5729
59000,3.5601382
60000,3.554278
61000,3.5440502
62000,3.5547888
63000,3.555191
64000,3.563891
65000,3.5520353
66000,3.545757
67000,3.557808
68000,3.5320725
69000,3.552088
70000,3.5446005
71000,3.5572524
72000,3.5685062
73000,3.5806944
74000,3.565857
75000,3.5606618
76000,3.552512
77000,3.558733
78000,3.553649
79000,3.576383
80000,3.5679095
81000,3.5534782
82000,3.555455
83000,3.5632205
84000,3.551148
85000,3.5666857
86000,3.5801072
87000,3.5668507
88000,3.5675895
89000,3.5526476
90000,3.552066
91000,3.552148
92000,3.549625
93000,3.5688643
94000,3.558436
95000,3.5520225
96000,3.5842245
97000,3.56221
98000,3.5572197
99000,3.5654788
100000,3.5590768
