"step","upstreamPressure_DP172_842,50-0,42-0,47=6.1817"
0,2.1330433
1000,6.216097
2000,6.2977085
3000,6.259227
4000,6.1983566
5000,6.308731
6000,6.2197533
7000,6.2174206
8000,6.2353487
9000,6.192088
10000,6.3258877
11000,6.223969
12000,6.188626
13000,6.215913
14000,6.206386
15000,6.219508
16000,6.202243
17000,6.1673465
18000,6.19079
19000,6.176983
20000,6.1988807
21000,6.202579
22000,6.1583977
23000,6.169381
24000,6.1841745
25000,6.1557827
26000,6.1972637
27000,6.173423
28000,6.1463723
29000,6.153208
30000,6.166653
31000,6.164267
32000,6.1591883
33000,6.158559
34000,6.1507483
35000,6.14443
36000,6.1544104
37000,6.1257696
38000,6.1310635
39000,6.136876
40000,6.12796
41000,6.1441
42000,6.1289167
43000,6.1275897
44000,6.1506786
45000,6.135783
46000,6.1319695
47000,6.11912
48000,6.1248045
49000,6.130459
50000,6.1151924
51000,6.1184034
52000,6.1234117
53000,6.1184764
54000,6.123007
55000,6.1252394
56000,6.1285644
57000,6.1283274
58000,6.115486
59000,6.112604
60000,6.1207476
61000,6.124177
62000,6.12679
63000,6.1280193
64000,6.118284
65000,6.1049047
66000,6.113771
67000,6.1271477
68000,6.113306
69000,6.1267815
70000,6.124474
71000,6.1274586
72000,6.1119595
73000,6.123822
74000,6.1117487
75000,6.1216474
76000,6.118825
77000,6.119211
78000,6.13066
79000,6.1264687
80000,6.1269813
81000,6.118019
82000,6.1257677
83000,6.131255
84000,6.12151
85000,6.126797
86000,6.1143327
87000,6.1233554
88000,6.1246686
89000,6.1256895
90000,6.1240854
91000,6.1256304
92000,6.124037
93000,6.122328
94000,6.1223283
95000,6.130615
96000,6.1136327
97000,6.109915
98000,6.1132755
99000,6.1258545
100000,6.123295
