"step","downstreamPressure_design_66"
10000,0.03349335
20000,0.0033467142
