"step","downstreamPressure_design_16"
10000,0.033734974
20000,0.0034240312
