"step","downstreamPressure_design_38"
10000,0.032691427
20000,0.0034200149
