"step","downstreamPressure_design_29"
10000,0.033551075
20000,0.0037056652
