"step","downstreamPressure_design_43"
10000,0.032691527
20000,0.0026052534
