"step","downstreamPressure_design_45"
10000,0.032831766
20000,0.0029581427
