"step","downstreamPressure_design_64"
10000,0.03350805
20000,0.0033229792
