"step","downstreamPressure_design_53"
10000,0.033344284
20000,0.0033628442
