"step","downstreamPressure_design_51"
10000,0.033695877
20000,0.0033441943
