"step","downstreamPressure_design_36"
10000,0.032104667
20000,0.0027980667
