"step","downstreamPressure_design_26"
10000,0.029636594
20000,0.0026515336
