"step","downstreamPressure_design_21"
10000,0.03200806
20000,0.0025475528
