"step","downstreamPressure_design_6"
10000,0.033374194
20000,0.003167246
