"step","downstreamPressure_design_27"
10000,0.025662072
20000,0.0020847123
