"step","downstreamPressure_design_17"
10000,0.032369073
20000,0.0033058464
