"step","downstreamPressure_design_62"
10000,0.033257183
20000,0.0032911738
