"step","downstreamPressure_design_4"
10000,0.033139322
20000,0.0029780767
