"step","downstreamPressure_design_48"
10000,0.032798637
20000,0.003530213
