"step","downstreamPressure_design_42"
10000,0.03294371
20000,0.00307325
