"step","downstreamPressure_design_8"
10000,0.033383787
20000,0.0029489393
