"step","downstreamPressure_design_0"
10000,0.032708198
20000,0.0034395417
