"step","downstreamPressure_design_18"
10000,0.03298096
20000,0.00351072
