"step","downstreamPressure_design_13"
10000,0.032994766
20000,0.003217421
