"step","downstreamPressure_design_15"
10000,0.03357499
20000,0.0035556946
