"step","downstreamPressure_design_9"
10000,0.033140436
20000,0.0035615445
