"step","downstreamPressure_design_37"
10000,0.03367555
20000,0.0034801438
