"step","downstreamPressure_design_60"
10000,0.0329869
20000,0.0035421732
