"step","downstreamPressure_design_57"
10000,0.030802747
20000,0.0032139262
