"step","downstreamPressure_design_54"
10000,0.033163264
20000,0.0032704063
