"step","downstreamPressure_design_41"
10000,0.03382115
20000,0.003727182
