"step","downstreamPressure_design_58"
10000,0.032349735
20000,0.0034447745
