"step","downstreamPressure_design_1"
10000,0.032908082
20000,0.0026589981
