"step","downstreamPressure_design_14"
10000,0.030804932
20000,0.003459718
