"step","downstreamPressure_design_47"
10000,0.03322479
20000,0.003656946
