"step","downstreamPressure_design_3"
10000,0.03355052
20000,0.0036476527
