"step","downstreamPressure_design_39"
10000,0.03294522
20000,0.0030028494
