"step","downstreamPressure_design_7"
10000,0.033610813
20000,0.0029481892
