"step","downstreamPressure_design_33"
10000,0.03319323
20000,0.00312893
