"step","downstreamPressure_design_2"
10000,0.03255755
20000,0.002790469
