"step","downstreamPressure_design_5"
10000,0.034080945
20000,0.0040013455
