"step","downstreamPressure_design_40"
10000,0.030766834
20000,0.0021555857
