"step","downstreamPressure_design_22"
10000,0.031572353
20000,0.0031328343
