"step","downstreamPressure_design_32"
10000,0.034468718
20000,0.0035735234
