"step","downstreamPressure_design_34"
10000,0.032589085
20000,0.003347503
