"step","downstreamPressure_design_61"
10000,0.032525912
20000,0.0031314497
