"step","downstreamPressure_design_44"
10000,0.031666443
20000,0.0029643015
