"step","downstreamPressure_design_56"
10000,0.03345506
20000,0.0033157754
