"step","upstreamPressure_design_24"
10000,0.11613314
20000,0.039947905
