"step","upstreamPressure_design_11"
10000,0.11671425
20000,0.04001817
