"step","upstreamPressure_design_5"
10000,0.11679083
20000,0.040129498
