"step","upstreamPressure_design_51"
10000,0.117009684
20000,0.04005192
