"step","upstreamPressure_design_26"
10000,0.113996044
20000,0.03961473
