"step","upstreamPressure_design_0"
10000,0.11610943
20000,0.039818294
