"step","upstreamPressure_design_63"
10000,0.11636632
20000,0.040009268
