"step","upstreamPressure_design_16"
10000,0.11701696
20000,0.03987523
