"step","upstreamPressure_design_3"
10000,0.11703417
20000,0.039953984
