"step","upstreamPressure_design_42"
10000,0.11633693
20000,0.03979647
