"step","upstreamPressure_design_19"
10000,0.116806656
20000,0.03999066
