"step","upstreamPressure_design_35"
10000,0.116341725
20000,0.039768063
