"step","upstreamPressure_design_30"
10000,0.115388826
20000,0.039288305
