"step","upstreamPressure_design_60"
10000,0.116162404
20000,0.03982462
