"step","upstreamPressure_design_4"
10000,0.11628155
20000,0.039638333
