"step","upstreamPressure_design_52"
10000,0.11314505
20000,0.039126687
