"step","upstreamPressure_design_10"
10000,0.116150156
20000,0.039695397
