"step","upstreamPressure_design_46"
10000,0.11236651
20000,0.039148357
