"step","upstreamPressure_design_20"
10000,0.11678012
20000,0.040076274
