"step","upstreamPressure_design_65"
10000,0.11256981
20000,0.039196286
