"step","upstreamPressure_design_41"
10000,0.11709287
20000,0.040325746
