"step","upstreamPressure_design_39"
10000,0.11647246
20000,0.039780974
