"step","upstreamPressure_design_21"
10000,0.11583288
20000,0.039431505
