"step","upstreamPressure_design_47"
10000,0.11625597
20000,0.04011193
