"step","upstreamPressure_design_36"
10000,0.11585891
20000,0.039739437
