"step","upstreamPressure_design_6"
10000,0.11661278
20000,0.039515667
