"step","upstreamPressure_design_2"
10000,0.116110146
20000,0.0394452
