"step","upstreamPressure_design_29"
10000,0.11696544
20000,0.039940424
