"step","upstreamPressure_design_34"
10000,0.11641946
20000,0.040105913
