"step","upstreamPressure_design_7"
10000,0.1170521
20000,0.03959713
