"step","upstreamPressure_design_28"
10000,0.11533485
20000,0.03958942
