"step","upstreamPressure_design_62"
10000,0.11665905
20000,0.03977453
