"step","upstreamPressure_design_9"
10000,0.11630598
20000,0.04026325
