"step","upstreamPressure_design_49"
10000,0.11622703
20000,0.039949566
