"step","upstreamPressure_design_64"
10000,0.11650861
20000,0.039655548
