"step","upstreamPressure_design_25"
10000,0.11590618
20000,0.03957516
