"step","upstreamPressure_design_48"
10000,0.11636363
20000,0.040191535
