"step","upstreamPressure_design_56"
10000,0.11624931
20000,0.039824463
