"step","upstreamPressure_design_43"
10000,0.11637595
20000,0.039554156
