"step","upstreamPressure_design_15"
10000,0.11711313
20000,0.04013913
