"step","upstreamPressure_design_17"
10000,0.115991235
20000,0.03993453
