"step","upstreamPressure_design_58"
10000,0.11611054
20000,0.039493334
