"step","downstreamPressure_DP79_972,73-0,89-0,39=1.39173"
500000,1.4450071
