"step","upstreamPressure_DP169_527,50-0,82-0,41=7.49971"
500000,7.379821
