"step","downstreamPressure_DP5_1000,00-0,65-0,12=1.27245"
0,1.3424432
1000,1.2980486
2000,1.2386749
3000,1.2560806
4000,1.247736
5000,1.2932341
6000,1.2941629
7000,1.2558213
8000,1.2295935
9000,1.2385752
10000,1.2340049
11000,1.2909048
12000,1.2774622
13000,1.2817796
14000,1.2646902
15000,1.2674271
16000,1.2668205
17000,1.2955351
18000,1.2666194
19000,1.286844
20000,1.2687207
21000,1.2760704
22000,1.2578697
23000,1.2751185
24000,1.256792
25000,1.2523766
26000,1.2859546
27000,1.2757399
28000,1.2731504
29000,1.2667458
30000,1.27043
31000,1.2745651
32000,1.2693009
33000,1.2843089
34000,1.2814088
35000,1.2811143
36000,1.268713
37000,1.2602954
38000,1.259475
39000,1.2741307
40000,1.2737279
41000,1.2735775
42000,1.2705492
43000,1.2696298
44000,1.2834688
45000,1.2709761
46000,1.274025
47000,1.2789086
48000,1.2684448
49000,1.2797451
50000,1.2702671
51000,1.2868648
52000,1.2691708
