"step","downstreamPressure_DP168_122,50-0,46-0,39=8.68628"
0,1.731808
1000,6.038704
2000,6.6947923
3000,6.921208
4000,6.978566
5000,7.2892694
6000,7.322693
7000,7.4700546
8000,7.532669
9000,7.580786
10000,7.861518
11000,7.769703
12000,7.7860746
13000,7.9003634
14000,7.9593716
15000,7.945512
16000,7.9915466
17000,8.021312
18000,7.9570885
19000,7.9799333
20000,7.966412
21000,8.082993
22000,7.986906
23000,7.9809628
24000,8.078262
25000,8.026594
26000,8.125904
27000,8.100307
28000,8.078431
29000,8.108425
30000,8.098459
31000,8.107403
32000,8.136186
33000,8.148229
34000,8.105808
35000,8.125946
36000,8.133028
37000,8.098814
38000,8.101441
39000,8.155144
40000,8.112801
41000,8.089632
42000,8.094747
43000,8.099489
44000,8.095792
45000,8.12436
46000,8.126481
47000,8.062526
48000,8.089441
49000,8.092643
50000,8.127987
51000,8.090721
52000,8.106607
53000,8.1085005
54000,8.101002
55000,8.07216
56000,8.1238985
57000,8.130604
58000,8.117832
59000,8.103403
60000,8.105501
61000,8.104757
62000,8.101816
63000,8.115011
64000,8.108032
65000,8.067887
66000,8.098965
67000,8.11177
68000,8.066296
69000,8.097111
70000,8.093895
71000,8.10729
72000,8.089679
73000,8.119645
74000,8.088995
75000,8.09997
76000,8.094242
77000,8.1007185
78000,8.103939
79000,8.099026
80000,8.108109
81000,8.098073
82000,8.112104
83000,8.120793
84000,8.101275
85000,8.126843
86000,8.107048
87000,8.114433
88000,8.1175
89000,8.114673
90000,8.116957
91000,8.129772
92000,8.124092
93000,8.1448765
94000,8.137543
95000,8.132452
96000,8.124169
97000,8.125637
98000,8.1313095
99000,8.137709
100000,8.144207
