"step","downstreamPressure_DP165_347,50-0,50-0,33=3.22474"
0,1.8601286
1000,3.316222
2000,3.3900802
3000,3.4741547
4000,3.452668
5000,3.527956
6000,3.4388185
7000,3.441576
8000,3.3592954
9000,3.3935368
10000,3.4066827
11000,3.4031434
12000,3.367258
13000,3.362928
14000,3.350625
15000,3.3667283
16000,3.3379674
17000,3.3509536
18000,3.3341737
19000,3.3344765
20000,3.2981112
21000,3.3377047
22000,3.289754
23000,3.3203125
24000,3.3037534
25000,3.2790432
26000,3.3300154
27000,3.300496
28000,3.3010483
29000,3.300074
30000,3.294403
31000,3.3086073
32000,3.3092113
33000,3.3133092
34000,3.2963023
35000,3.315971
36000,3.3134632
37000,3.3029552
38000,3.2886782
39000,3.3101301
40000,3.3013859
41000,3.3028889
42000,3.3120396
43000,3.3182032
44000,3.3025994
45000,3.3083076
46000,3.3075676
47000,3.2943382
48000,3.3079913
49000,3.3061059
50000,3.31039
51000,3.3125515
52000,3.2881792
