"step","upstreamPressure_DP165_347,50-0,50-0,33=9.17385"
0,2.2101793
1000,9.832324
2000,9.923578
3000,9.904469
4000,9.782056
5000,9.943122
6000,9.774251
7000,9.838425
8000,9.704435
9000,9.65942
10000,9.834662
11000,9.651206
12000,9.564421
13000,9.585539
14000,9.553303
15000,9.529821
16000,9.503805
17000,9.47316
18000,9.411659
19000,9.405284
20000,9.373488
21000,9.46591
22000,9.32851
23000,9.324322
24000,9.315592
25000,9.284313
26000,9.331793
27000,9.276619
28000,9.2541685
29000,9.251036
30000,9.232547
31000,9.253369
32000,9.2126465
33000,9.210809
34000,9.162855
35000,9.169981
36000,9.198702
37000,9.135134
38000,9.127384
39000,9.145346
40000,9.12994
41000,9.133469
42000,9.121185
43000,9.122178
44000,9.112713
45000,9.098389
46000,9.101694
47000,9.066391
48000,9.079604
49000,9.076395
50000,9.0713215
51000,9.051429
52000,9.04943
53000,9.059157
54000,9.056116
55000,9.046118
56000,9.030066
57000,9.036891
58000,9.011652
59000,9.01482
60000,9.033037
61000,9.0263
62000,9.041025
63000,9.034896
64000,9.010609
65000,9.003264
66000,9.004986
67000,9.020643
68000,8.993715
69000,9.010091
70000,9.008812
71000,9.00016
72000,9.001368
73000,9.010126
74000,8.9816475
75000,8.997192
76000,8.994282
77000,8.994802
78000,9.006339
79000,8.997745
80000,8.988352
81000,9.001564
82000,9.002985
83000,8.996397
84000,8.991172
85000,9.008682
86000,8.994295
87000,9.00503
88000,9.009282
89000,9.020189
90000,9.010649
91000,9.010378
92000,9.010183
93000,9.009129
94000,9.0013895
95000,9.010732
96000,8.98728
97000,8.982334
98000,8.976643
99000,8.987077
100000,8.991816
