"step","upstreamPressure_DP154_482,50-0,38-0,11=7.86321"
0,2.0240564
1000,7.2306967
2000,7.3452535
3000,7.4147496
4000,7.4216685
5000,7.5805025
6000,7.5066414
7000,7.636604
8000,7.607495
9000,7.6109037
10000,7.768997
11000,7.7260838
12000,7.7105227
13000,7.7224073
14000,7.767123
15000,7.794756
16000,7.763713
17000,7.764942
18000,7.8062296
19000,7.7939663
20000,7.790162
21000,7.853277
22000,7.7814913
23000,7.7725024
24000,7.7912726
25000,7.774846
26000,7.81851
27000,7.797021
28000,7.777772
29000,7.772113
30000,7.7894077
31000,7.7775593
32000,7.7626467
33000,7.779046
34000,7.7664857
35000,7.770194
36000,7.772335
37000,7.748554
38000,7.756522
39000,7.7780056
40000,7.763715
41000,7.774994
42000,7.783997
43000,7.780635
44000,7.8131027
45000,7.7802105
46000,7.7785864
47000,7.771472
48000,7.7539515
49000,7.7692714
50000,7.7670403
51000,7.758446
52000,7.7650976
53000,7.7605705
54000,7.756195
55000,7.7437773
56000,7.7211447
57000,7.750223
58000,7.7414074
59000,7.734523
60000,7.7404947
61000,7.7509375
62000,7.7500334
63000,7.754586
64000,7.7474985
65000,7.7204323
66000,7.7345786
67000,7.750245
68000,7.735181
69000,7.7523565
70000,7.7545304
71000,7.754727
72000,7.751546
73000,7.7589574
74000,7.7413406
75000,7.74918
76000,7.744194
77000,7.750198
78000,7.750834
79000,7.7604847
80000,7.748166
81000,7.749378
82000,7.7569475
83000,7.7565217
84000,7.7481933
85000,7.7530546
86000,7.738389
87000,7.756096
88000,7.7566853
89000,7.7591963
90000,7.757344
91000,7.755307
92000,7.7465315
93000,7.752181
94000,7.747855
95000,7.7510953
96000,7.754733
97000,7.7510366
98000,7.752082
99000,7.7604713
100000,7.7674103
