"step","upstreamPressure_DP171_977,50-0,58-0,45=5.84562"
0,1.9187274
1000,5.3256335
2000,5.583344
3000,5.6523466
4000,5.6466866
5000,5.7810698
6000,5.729636
7000,5.770158
8000,5.7895894
9000,5.786009
10000,5.9241886
11000,5.8437905
12000,5.824073
13000,5.86411
14000,5.853419
15000,5.8659587
16000,5.8535514
17000,5.829089
18000,5.8453746
19000,5.8435154
20000,5.83785
21000,5.873396
22000,5.82448
23000,5.844203
24000,5.852413
25000,5.827008
26000,5.8700275
27000,5.847785
28000,5.8312817
29000,5.8305182
30000,5.8349905
31000,5.8448715
32000,5.8483133
33000,5.8441105
34000,5.8379135
35000,5.8345637
36000,5.837906
37000,5.815091
38000,5.8243017
39000,5.83786
40000,5.824033
41000,5.8330965
42000,5.8267584
43000,5.827853
44000,5.8418684
45000,5.8318987
46000,5.837924
47000,5.820266
48000,5.8271265
49000,5.8343983
50000,5.8183413
51000,5.8164167
52000,5.8326297
53000,5.824073
54000,5.826276
55000,5.826028
56000,5.8337955
57000,5.8313947
58000,5.822654
59000,5.819888
60000,5.828195
61000,5.8318167
62000,5.8343396
63000,5.83669
64000,5.8235674
65000,5.8153167
66000,5.8259954
67000,5.836602
68000,5.8209715
69000,5.8331394
70000,5.8306317
71000,5.8360443
72000,5.826711
73000,5.8377266
74000,5.823331
75000,5.831805
76000,5.8290033
77000,5.8316946
78000,5.8379936
79000,5.835574
80000,5.838511
81000,5.831051
82000,5.839246
83000,5.8403354
84000,5.8338766
85000,5.839731
86000,5.829213
87000,5.8427744
88000,5.844352
89000,5.844604
90000,5.842607
91000,5.8466673
92000,5.844147
93000,5.8422136
94000,5.84163
95000,5.8464546
96000,5.841307
97000,5.833186
98000,5.8343787
99000,5.8418694
100000,5.8413997
