"step","downstreamPressure_DP164_167,50-0,62-0,31=6.40145"
500000,6.055792
