"step","downstreamPressure_DP165_347,50-0,50-0,33=3.22474"
0.0,1.2585676
1000.0,3.43112
2000.0,3.5446653
3000.0,3.5830066
4000.0,3.5776951
5000.0,3.4895816
6000.0,3.5014935
7000.0,3.517107
8000.0,3.5246527
9000.0,3.4642386
10000.0,3.5206614
11000.0,3.4577835
12000.0,3.457698
13000.0,3.443317
14000.0,3.4124265
15000.0,3.430191
16000.0,3.3919716
17000.0,3.4105406
18000.0,3.3812218
19000.0,3.3661594
20000.0,3.3578134
21000.0,3.3475132
22000.0,3.3319092
23000.0,3.3335185
24000.0,3.3367338
25000.0,3.315415
26000.0,3.3079872
27000.0,3.2880325
28000.0,3.2914667
29000.0,3.2995877
30000.0,3.2867427
31000.0,3.2617822
32000.0,3.2797298
33000.0,3.2669992
34000.0,3.2755108
35000.0,3.2671003
36000.0,3.2735243
37000.0,3.259586
38000.0,3.24958
39000.0,3.2383022
40000.0,3.259984
41000.0,3.2502267
42000.0,3.2403064
43000.0,3.2194195
44000.0,3.252293
45000.0,3.2501187
46000.0,3.2477965
47000.0,3.2177963
48000.0,3.223868
49000.0,3.2304094
50000.0,3.2267942
51000.0,3.1966872
52000.0,3.2075229
53000.0,3.1954
54000.0,3.2190087
55000.0,3.2001894
56000.0,3.2060528
57000.0,3.194333
58000.0,3.2023625
59000.0,3.2156904
60000.0,3.2023945
61000.0,3.204925
62000.0,3.1995616
63000.0,3.194087
64000.0,3.2025375
65000.0,3.189367
66000.0,3.1828403
67000.0,3.2180486
68000.0,3.202185
69000.0,3.1945307
70000.0,3.1932817
71000.0,3.1865578
72000.0,3.172202
73000.0,3.1903825
74000.0,3.188025
75000.0,3.1735044
76000.0,3.1844
77000.0,3.1828988
78000.0,3.1815395
79000.0,3.1724715
80000.0,3.181213
81000.0,3.1778612
82000.0,3.164586
83000.0,3.1668313
84000.0,3.164266
85000.0,3.2010612
86000.0,3.1737926
87000.0,3.1619778
88000.0,3.160308
89000.0,3.161261
90000.0,3.1582913
91000.0,3.1553855
92000.0,3.1642904
93000.0,3.1653252
94000.0,3.155236
95000.0,3.17412
96000.0,3.1598806
97000.0,3.1571429
98000.0,3.1450846
99000.0,3.1388621
100000.0,3.129016
