"step","downstreamPressure_DP162_302,50-0,54-0,27=3.65749"
0.0,1.4063503
1000.0,3.1184435
2000.0,3.0727317
3000.0,3.1575644
4000.0,3.2477136
5000.0,3.171585
6000.0,3.2008333
7000.0,3.2155585
8000.0,3.3074389
9000.0,3.2411518
10000.0,3.2460833
11000.0,3.2759094
12000.0,3.2932982
13000.0,3.3222032
14000.0,3.2993627
15000.0,3.3366115
16000.0,3.307429
17000.0,3.3382869
18000.0,3.340403
19000.0,3.3497791
20000.0,3.3368826
21000.0,3.3466756
22000.0,3.3513584
23000.0,3.347496
24000.0,3.3549962
25000.0,3.3783612
26000.0,3.3435671
27000.0,3.3476915
28000.0,3.3689778
29000.0,3.3713102
30000.0,3.3701565
31000.0,3.3596463
32000.0,3.373099
33000.0,3.372254
34000.0,3.3692555
35000.0,3.3545575
36000.0,3.3699038
37000.0,3.3618932
38000.0,3.335027
39000.0,3.3389592
40000.0,3.3509111
41000.0,3.3568554
42000.0,3.3458128
43000.0,3.3294578
44000.0,3.3522763
45000.0,3.338108
46000.0,3.3340406
47000.0,3.3263612
48000.0,3.333354
49000.0,3.341282
50000.0,3.3339024
51000.0,3.343526
52000.0,3.3462017
53000.0,3.3264172
54000.0,3.3522077
55000.0,3.3234663
56000.0,3.3399458
57000.0,3.3304527
58000.0,3.3292649
59000.0,3.3381844
60000.0,3.330066
61000.0,3.3298988
62000.0,3.3201241
63000.0,3.323969
64000.0,3.326382
65000.0,3.313805
66000.0,3.3050122
67000.0,3.3247542
68000.0,3.322981
69000.0,3.3189433
70000.0,3.3153193
71000.0,3.3185618
72000.0,3.30064
73000.0,3.3150601
74000.0,3.3058698
75000.0,3.295855
76000.0,3.3053212
77000.0,3.3097668
78000.0,3.3016016
79000.0,3.3030577
80000.0,3.299581
81000.0,3.300825
82000.0,3.291117
83000.0,3.2977052
84000.0,3.289712
85000.0,3.3180952
86000.0,3.316309
87000.0,3.2944748
88000.0,3.2910185
89000.0,3.291309
90000.0,3.2936606
91000.0,3.291663
92000.0,3.2911644
93000.0,3.2883046
94000.0,3.2869816
95000.0,3.3306088
96000.0,3.3113909
97000.0,3.3040378
98000.0,3.297731
99000.0,3.290256
100000.0,3.2839718
