"step","upstreamPressure_DP155_662,50-0,74-0,13=6.82799"
0.0,1.3136561
1000.0,7.4630127
2000.0,7.3091245
3000.0,7.267084
4000.0,7.2816544
5000.0,7.145102
6000.0,7.108578
7000.0,7.0697145
8000.0,7.101392
9000.0,7.0126867
10000.0,7.020027
11000.0,6.9772167
12000.0,6.944673
13000.0,6.963625
14000.0,6.879824
15000.0,6.9621544
16000.0,6.9285703
17000.0,6.901164
18000.0,6.912283
19000.0,6.9209747
20000.0,6.8844047
21000.0,6.8942327
22000.0,6.864215
23000.0,6.8854756
24000.0,6.8709736
25000.0,6.842022
26000.0,6.8263965
27000.0,6.825022
28000.0,6.8327436
29000.0,6.8254547
30000.0,6.823264
31000.0,6.8192883
32000.0,6.806343
33000.0,6.79394
34000.0,6.7854743
35000.0,6.790799
36000.0,6.770361
37000.0,6.80115
38000.0,6.785576
39000.0,6.7604356
40000.0,6.7672815
41000.0,6.7800083
42000.0,6.747613
43000.0,6.7749434
44000.0,6.762143
45000.0,6.7564173
46000.0,6.7560806
47000.0,6.7612414
48000.0,6.771939
49000.0,6.7770224
50000.0,6.7689314
51000.0,6.748667
52000.0,6.746294
53000.0,6.764043
54000.0,6.767323
55000.0,6.7730913
56000.0,6.7644997
57000.0,6.745509
58000.0,6.7691126
59000.0,6.7570634
60000.0,6.753104
61000.0,6.7808247
62000.0,6.7626977
63000.0,6.7770576
64000.0,6.770684
65000.0,6.7595077
66000.0,6.7640953
67000.0,6.7662044
68000.0,6.765828
69000.0,6.769086
70000.0,6.7878227
71000.0,6.7745132
72000.0,6.772118
73000.0,6.786385
74000.0,6.7843485
75000.0,6.7867327
76000.0,6.790592
77000.0,6.7887936
78000.0,6.788081
79000.0,6.7817087
80000.0,6.78435
81000.0,6.792226
82000.0,6.797099
83000.0,6.790145
84000.0,6.7864637
85000.0,6.813008
86000.0,6.797759
87000.0,6.7903686
88000.0,6.798954
89000.0,6.7894297
90000.0,6.803402
91000.0,6.804311
92000.0,6.80869
93000.0,6.7983985
94000.0,6.7974987
95000.0,6.751343
96000.0,6.762934
97000.0,6.7925196
98000.0,6.7900753
99000.0,6.7955666
100000.0,6.7997293
