"step","downstreamPressure_DP156_437,50-0,26-0,15=2.57115"
0,1.135186
1000,2.4341333
2000,2.6156073
3000,2.572341
4000,2.632482
5000,2.517899
6000,2.5150254
7000,2.5522215
8000,2.4903765
9000,2.4763603
10000,2.604301
11000,2.5515962
12000,2.5234773
13000,2.5497708
14000,2.5325923
15000,2.578693
16000,2.5865886
17000,2.5495265
18000,2.628873
19000,2.5901957
20000,2.5811224
21000,2.6041174
22000,2.5658054
23000,2.5470502
24000,2.5630403
25000,2.5836592
26000,2.5728488
27000,2.5488405
28000,2.563652
29000,2.5807602
30000,2.5560029
31000,2.6016755
32000,2.551663
33000,2.56537
34000,2.5423622
35000,2.567655
36000,2.555934
37000,2.5500643
38000,2.5430837
39000,2.5529203
40000,2.5738137
41000,2.5882435
42000,2.590591
43000,2.561747
44000,2.5643215
45000,2.5699458
46000,2.5917296
47000,2.568328
48000,2.553697
49000,2.5708623
50000,2.5729117
51000,2.5558262
52000,2.5575464
53000,2.6166205
54000,2.5580282
55000,2.575276
56000,2.5965018
57000,2.5712194
58000,2.5912838
59000,2.565216
60000,2.5730612
61000,2.582427
62000,2.5619092
63000,2.5753849
64000,2.5698776
65000,2.585176
66000,2.5816875
67000,2.5715537
68000,2.575944
69000,2.5743246
70000,2.5658934
71000,2.589347
72000,2.572186
73000,2.564311
74000,2.5758183
75000,2.5652692
76000,2.5871797
77000,2.5801544
78000,2.5688097
79000,2.5601606
80000,2.576226
81000,2.5761466
82000,2.5739663
83000,2.5723772
84000,2.5608306
85000,2.5758078
86000,2.5686574
87000,2.5729945
88000,2.5624173
89000,2.5750904
90000,2.570451
91000,2.5786552
92000,2.560408
93000,2.5692644
94000,2.5727997
95000,2.5691361
96000,2.5751143
97000,2.579265
98000,2.5749555
99000,2.571775
100000,2.5700696
