"step","downstreamPressure_DP170_572,50-0,86-0,43=2.05888"
500000,2.0515838
