"step","downstreamPressure_DP170_572,50-0,86-0,43=2.05888"
0,0.7961525
1000,0.0031730002
2000,0.0028503733
3000,0.002283724
4000,0.01297663
5000,0.0029111954
6000,-0.0028183735
7000,-0.0032044007
8000,0.009792605
9000,0.04234013
10000,0.06667745
11000,0.18598723
12000,0.30104697
13000,0.42258754
14000,0.5749561
15000,0.26175004
16000,0.47672564
17000,0.6460296
18000,0.92800057
19000,1.1189986
20000,1.3115873
21000,1.5450957
22000,1.7684376
23000,1.9490657
24000,2.0973787
25000,2.2677672
26000,2.3672185
27000,2.4617538
28000,2.599673
29000,2.6488714
30000,2.724344
31000,2.8627493
32000,2.8076372
33000,3.0553136
34000,3.0737867
35000,3.0459423
36000,2.7532907
37000,3.1344528
38000,3.1385374
39000,3.200139
40000,3.2385159
41000,3.0078516
42000,3.2411597
43000,3.1934214
44000,3.2476144
45000,3.2155328
46000,3.2300217
47000,3.2349925
48000,3.2685673
49000,3.2520757
50000,3.264017
51000,3.2105012
52000,3.2085364
53000,3.2646003
54000,3.1803825
55000,3.1785996
56000,3.167985
57000,3.1758146
58000,3.107616
59000,3.131182
60000,3.1467378
61000,3.1127837
62000,3.164012
63000,3.0818453
64000,3.0775914
65000,3.099028
66000,3.1109877
67000,3.0105515
68000,2.7725759
69000,2.9795294
70000,3.024318
71000,2.9792612
72000,2.9969325
73000,2.9862444
74000,2.9182816
75000,2.9707537
76000,2.9861574
77000,2.9442863
78000,2.9230704
79000,2.9055557
80000,2.8908434
81000,2.8433914
82000,2.8847525
83000,2.852474
84000,2.817618
85000,2.834097
86000,2.8238528
87000,2.7586825
88000,2.7773643
89000,2.8636308
90000,2.8237317
91000,2.7884488
92000,2.7313132
93000,2.72994
94000,2.7980506
95000,2.7656515
96000,2.7428808
97000,2.7614994
98000,2.6901116
99000,2.6811488
100000,2.6747673
