"step","downstreamPressure_DP5_1000,00-0,65-0,12=1.27245"
0,0.51816845
1000,-0.00048762868
2000,0.0016725797
3000,0.0022030384
4000,0.0127849
5000,0.003103399
6000,-0.00096775434
7000,-0.0014504517
8000,0.011198101
9000,0.046393756
10000,0.067442566
11000,0.1762037
12000,0.2879951
13000,0.39886224
14000,0.5383142
15000,0.24300824
16000,0.4377662
17000,0.613743
18000,0.88664126
19000,1.0629265
20000,1.2594323
21000,1.4986975
22000,1.7199107
23000,1.9247681
24000,2.0858898
25000,2.253111
26000,2.3534565
27000,2.45371
28000,2.6303248
29000,2.68993
30000,2.7786622
31000,2.9401457
32000,2.8714166
33000,3.136408
34000,3.1508665
35000,3.1328964
36000,2.820977
37000,3.2031093
38000,3.2367878
39000,3.2770617
40000,3.3229895
41000,3.0988767
42000,3.3524246
43000,3.305131
44000,3.3489962
45000,3.3251863
46000,3.3349032
47000,3.3394446
48000,3.3747005
49000,3.3445513
50000,3.3856597
51000,3.309412
52000,3.3003848
53000,3.3530974
54000,3.26726
55000,3.2811534
56000,3.2487853
57000,3.276125
58000,3.205224
59000,3.22347
60000,3.2428458
61000,3.213862
62000,3.2551012
63000,3.1738753
64000,3.1714633
65000,3.1747172
66000,3.1724343
67000,3.1101243
68000,2.8661454
69000,3.0821524
70000,3.1227226
71000,3.0795941
72000,3.0873
73000,3.0673513
74000,2.9984674
75000,3.0538824
76000,3.0705714
77000,3.0121555
78000,2.9997873
79000,2.9651532
80000,2.9709883
81000,2.9216456
82000,2.9626255
83000,2.934336
84000,2.9007647
85000,2.8976266
86000,2.89125
87000,2.8147416
88000,2.8072882
89000,2.9131312
90000,2.8788714
91000,2.8451495
92000,2.783361
93000,2.799992
94000,2.8602853
95000,2.8166718
96000,2.7997403
97000,2.818756
98000,2.740258
99000,2.7327917
100000,2.7258334
