"step","downstreamPressureTot_DP28_160_0.97_0.10544999999999999"
300000,5.5169287
