"step","downstreamPressure_DP17_760_0.33_0.31335"
300000,1.1374543
