"step","upstreamPressure_DP25_520_0.65_0.03615"
300000,3.0740962
