"step","downstreamPressure_DP173_392,50-0,30-0,49=2.82539"
500000,2.810585
