"step","upstreamPressure_DP163_887,50-0,34-0,29=6.04252"
500000,6.2070045
