"step","downstreamPressure_DP162_302,50-0,54-0,27=3.65749"
0.0,3.5674927
1000.0,2.9031265
2000.0,2.978875
3000.0,3.1005683
4000.0,3.1221824
5000.0,3.1086965
6000.0,3.0474863
7000.0,3.1537626
8000.0,3.1369548
9000.0,3.1380956
10000.0,3.2020297
11000.0,3.2097433
12000.0,3.2024078
13000.0,3.2148895
14000.0,3.2157674
15000.0,3.258454
16000.0,3.2652283
17000.0,3.274392
18000.0,3.2870026
19000.0,3.29923
20000.0,3.2858028
21000.0,3.295149
22000.0,3.2689352
23000.0,3.3069303
24000.0,3.2996936
25000.0,3.3195376
26000.0,3.3274155
27000.0,3.3236122
28000.0,3.3313217
29000.0,3.325406
30000.0,3.3114457
31000.0,3.358174
32000.0,3.3495216
33000.0,3.3618839
34000.0,3.3520088
35000.0,3.359841
36000.0,3.3968978
37000.0,3.37048
38000.0,3.352472
39000.0,3.3705838
40000.0,3.3992631
41000.0,3.3808637
42000.0,3.3951561
43000.0,3.4012227
44000.0,3.4082477
45000.0,3.4025705
46000.0,3.3937376
47000.0,3.3966599
48000.0,3.4127321
49000.0,3.4071875
50000.0,3.4239798
51000.0,3.438662
52000.0,3.4232519
53000.0,3.417594
54000.0,3.4367101
55000.0,3.431666
56000.0,3.4402335
57000.0,3.4374042
58000.0,3.4347594
59000.0,3.4520159
60000.0,3.4423287
61000.0,3.4545717
62000.0,3.4428263
63000.0,3.459073
64000.0,3.4588602
65000.0,3.449478
66000.0,3.4593136
67000.0,3.4590437
68000.0,3.4628568
69000.0,3.4706604
70000.0,3.4684358
71000.0,3.4721317
72000.0,3.4742754
73000.0,3.4740558
74000.0,3.4753623
75000.0,3.4809058
76000.0,3.477438
77000.0,3.4827902
78000.0,3.482079
79000.0,3.4888175
80000.0,3.4882498
81000.0,3.4912496
82000.0,3.4897015
83000.0,3.4920683
84000.0,3.4870222
85000.0,3.4978428
86000.0,3.4971325
87000.0,3.4985676
88000.0,3.5062265
89000.0,3.505998
90000.0,3.494218
91000.0,3.4988115
92000.0,3.5083113
93000.0,3.5081072
94000.0,3.5055323
95000.0,3.5100665
96000.0,3.5084646
97000.0,3.5082364
98000.0,3.5136907
99000.0,3.5120556
100000.0,3.5137322
