"step","upstreamPressure_DP155_662,50-0,74-0,13=6.82799"
0.0,4.0021443
1000.0,8.400819
2000.0,8.17806
3000.0,8.1241045
4000.0,8.014038
5000.0,7.96506
6000.0,7.831805
7000.0,7.8133307
8000.0,7.7254057
9000.0,7.627529
10000.0,7.6573896
11000.0,7.6267085
12000.0,7.5956106
13000.0,7.558097
14000.0,7.5403767
15000.0,7.4741354
16000.0,7.464004
17000.0,7.4421935
18000.0,7.4398108
19000.0,7.4647093
20000.0,7.439273
21000.0,7.432843
22000.0,7.3725605
23000.0,7.3971705
24000.0,7.369088
25000.0,7.4075613
26000.0,7.366876
27000.0,7.351324
28000.0,7.342934
29000.0,7.335722
30000.0,7.310774
31000.0,7.3174734
32000.0,7.321193
33000.0,7.3086634
34000.0,7.286654
35000.0,7.283815
36000.0,7.287936
37000.0,7.2638187
38000.0,7.2457714
39000.0,7.2498803
40000.0,7.2449303
41000.0,7.2368813
42000.0,7.242424
43000.0,7.2479753
44000.0,7.2185907
45000.0,7.19142
46000.0,7.1982875
47000.0,7.200633
48000.0,7.169917
49000.0,7.2016616
50000.0,7.1807823
51000.0,7.1820703
52000.0,7.18762
53000.0,7.173625
54000.0,7.1989517
55000.0,7.1777334
56000.0,7.166254
57000.0,7.1641827
58000.0,7.1575155
59000.0,7.1600223
60000.0,7.164476
61000.0,7.1451554
62000.0,7.151292
63000.0,7.143931
64000.0,7.1486835
65000.0,7.135142
66000.0,7.132985
67000.0,7.108259
68000.0,7.127494
69000.0,7.117615
70000.0,7.117029
71000.0,7.112374
72000.0,7.104532
73000.0,7.105877
74000.0,7.1039524
75000.0,7.1027403
76000.0,7.085388
77000.0,7.0985003
78000.0,7.0929394
79000.0,7.096751
80000.0,7.0883446
81000.0,7.086891
82000.0,7.089457
83000.0,7.086093
84000.0,7.083923
85000.0,7.0780964
86000.0,7.0746717
87000.0,7.0641913
88000.0,7.0669184
89000.0,7.0663424
90000.0,7.0559907
91000.0,7.054147
92000.0,7.060905
93000.0,7.0569687
94000.0,7.0535336
95000.0,7.05562
96000.0,7.048209
97000.0,7.0521326
98000.0,7.044593
99000.0,7.0499763
100000.0,7.045314
101000.0,6.841739654541016
