"step","downstreamPressure_DP154_482,50-0,38-0,11=2.36858"
500000,2.282094
