"step","downstreamPressure_DP167_212,50-0,70-0,37=5.09347"
500000,4.7118716
