"step","downstreamPressure_DP158_752,50-0,78-0,19=1.64935"
500000,1.885782
