"step","downstreamPressure_DP156_437,50-0,26-0,15=2.57115"
0,0.9626279
1000,2.2625868
2000,2.5186915
3000,2.5049415
4000,2.526297
5000,2.5310364
6000,2.5347939
7000,2.50337
8000,2.517438
9000,2.5143862
10000,2.5214314
11000,2.5292687
12000,2.521134
13000,2.5262742
14000,2.51366
15000,2.5437799
16000,2.5786378
17000,2.54137
18000,2.5158014
19000,2.5265696
20000,2.5549955
21000,2.4954438
22000,2.525064
23000,2.5152473
24000,2.5325508
25000,2.5138226
26000,2.4932103
27000,2.5032508
28000,2.5251951
29000,2.4974885
30000,2.5209584
31000,2.5386624
32000,2.5101664
33000,2.524125
34000,2.5364451
35000,2.513417
36000,2.5105014
37000,2.5382004
38000,2.560695
39000,2.5263362
40000,2.5300906
41000,2.534203
42000,2.5241957
43000,2.520047
44000,2.527854
45000,2.5448399
46000,2.5297976
47000,2.534665
48000,2.532021
49000,2.5560431
50000,2.5600696
51000,2.547604
52000,2.5285685
53000,2.5257635
54000,2.540331
55000,2.5458999
56000,2.538495
57000,2.5268059
58000,2.539949
59000,2.537264
60000,2.533822
61000,2.5194635
62000,2.5571513
63000,2.5239267
64000,2.535208
65000,2.5242624
66000,2.5251222
67000,2.5199137
68000,2.5391796
69000,2.5138302
70000,2.526309
71000,2.527883
72000,2.5193286
73000,2.5206275
74000,2.519215
75000,2.515944
76000,2.5146961
77000,2.5242002
78000,2.5471978
79000,2.5273588
80000,2.5206404
81000,2.5109742
82000,2.587939
83000,2.5418873
84000,2.5295863
85000,2.5211613
86000,2.5258617
87000,2.5209568
88000,2.5133514
89000,2.5135767
90000,2.5316186
91000,2.5176373
92000,2.541159
93000,2.5090928
94000,2.5935814
95000,2.5796885
96000,2.570311
97000,2.5508938
98000,2.5333767
99000,2.5196297
100000,2.511015
