"step","downstreamPressure_DP86_145,45-0,43-0,41=7.34933"
500000,7.348794
