"step","downstreamPressure_DP79_972,73-0,89-0,39=1.39173"
0.0,2.86171
1000.0,1.5293043
2000.0,1.406801
3000.0,1.4154465
4000.0,1.2788022
5000.0,1.306382
6000.0,1.4184687
7000.0,1.3251438
8000.0,1.4641075
9000.0,1.3197124
10000.0,1.4116315
11000.0,1.3492911
12000.0,1.394535
13000.0,1.3112111
14000.0,1.4894254
15000.0,1.353858
16000.0,1.3541415
17000.0,1.3683631
18000.0,1.3831891
19000.0,1.3691624
20000.0,1.372661
21000.0,1.3901516
22000.0,1.3485756
23000.0,1.411992
24000.0,1.377684
25000.0,1.3550692
26000.0,1.3877451
27000.0,1.3824763
28000.0,1.3765905
29000.0,1.3833296
30000.0,1.3864286
31000.0,1.3541851
32000.0,1.3716002
33000.0,1.3654608
34000.0,1.3944355
35000.0,1.3664299
36000.0,1.3823854
37000.0,1.4053204
38000.0,1.3687232
39000.0,1.3842585
40000.0,1.402288
41000.0,1.4164252
42000.0,1.3507844
43000.0,1.4059668
44000.0,1.3958595
45000.0,1.3955466
46000.0,1.4005079
47000.0,1.3934724
48000.0,1.4079101
49000.0,1.3795962
50000.0,1.4001576
51000.0,1.3920403
52000.0,1.359598
53000.0,1.3892442
54000.0,1.3792512
55000.0,1.3911817
56000.0,1.3831942
57000.0,1.3949952
58000.0,1.3877907
59000.0,1.3880389
60000.0,1.3793216
61000.0,1.3825781
62000.0,1.3843975
63000.0,1.3858597
64000.0,1.3878003
65000.0,1.3904636
66000.0,1.3802655
67000.0,1.4025683
68000.0,1.3992703
69000.0,1.3998445
70000.0,1.3993272
71000.0,1.3535299
72000.0,1.3886565
73000.0,1.376923
74000.0,1.3983788
75000.0,1.3947356
76000.0,1.3964405
77000.0,1.3890433
78000.0,1.3937857
79000.0,1.3862637
80000.0,1.386843
81000.0,1.3902692
82000.0,1.3963546
83000.0,1.3859577
84000.0,1.3951442
85000.0,1.40228
86000.0,1.3977234
87000.0,1.3968538
88000.0,1.3996449
89000.0,1.3851401
90000.0,1.3932425
91000.0,1.3894184
92000.0,1.3856311
93000.0,1.3907173
94000.0,1.4045051
95000.0,1.3936808
96000.0,1.3961669
97000.0,1.3946773
98000.0,1.399976
99000.0,1.3841121
100000.0,1.3909507
101000.0,1.4444808959960938
102000.0,1.4637683629989624
103000.0,1.4564591646194458
104000.0,1.425060510635376
105000.0,1.371022343635559
106000.0,1.3109440803527832
107000.0,1.2678943872451782
