"step","upstreamPressure_DP157_617,50-0,90-0,17=7.00055"
0.0,2.247357
1000.0,6.8979216
2000.0,7.002877
3000.0,6.790307
4000.0,6.7937074
5000.0,6.9084187
6000.0,7.037856
7000.0,6.858465
8000.0,7.0374017
9000.0,6.886093
10000.0,7.146799
11000.0,6.9689713
12000.0,7.0438232
13000.0,6.8954377
14000.0,7.061457
15000.0,6.930778
16000.0,6.9557376
17000.0,7.020072
18000.0,7.0011215
19000.0,6.977548
20000.0,6.966652
21000.0,7.0074415
22000.0,6.940216
23000.0,7.1132
24000.0,6.979768
25000.0,6.958758
26000.0,7.020734
27000.0,6.9872246
28000.0,6.982155
29000.0,7.0106225
30000.0,7.022416
31000.0,6.958315
32000.0,6.9895387
33000.0,6.9918947
34000.0,7.051846
35000.0,6.9697695
36000.0,6.971951
37000.0,7.005612
38000.0,6.952626
39000.0,6.972597
40000.0,7.0254393
41000.0,7.0219536
42000.0,6.9785523
43000.0,7.004861
44000.0,6.9927306
45000.0,7.004185
46000.0,6.987194
47000.0,6.990804
48000.0,7.0158415
49000.0,6.9629526
50000.0,7.020421
51000.0,7.0013433
52000.0,6.983671
53000.0,7.0065618
54000.0,6.986208
55000.0,6.997965
56000.0,6.977745
57000.0,7.000824
58000.0,7.001479
59000.0,6.9960065
60000.0,6.9664044
61000.0,7.005815
62000.0,6.9937115
63000.0,7.008031
64000.0,6.9907727
65000.0,7.00206
66000.0,6.987649
67000.0,6.9919643
68000.0,6.99876
69000.0,7.0018873
70000.0,6.9809117
71000.0,6.9663286
72000.0,6.989742
73000.0,6.975146
74000.0,6.999384
75000.0,6.999114
76000.0,6.9939055
77000.0,6.979363
78000.0,6.989555
79000.0,6.9906816
80000.0,6.9905396
81000.0,6.9889126
82000.0,6.9960384
83000.0,6.9743514
84000.0,7.0048666
85000.0,6.98841
86000.0,6.990493
87000.0,6.9986305
88000.0,6.9889355
89000.0,6.972449
90000.0,7.0018945
91000.0,6.9827456
92000.0,6.980501
93000.0,6.9959173
94000.0,7.003896
95000.0,6.9927163
96000.0,6.9999866
97000.0,6.9982386
98000.0,7.00199
99000.0,6.9828153
100000.0,6.98877
101000.0,6.516239643096924
102000.0,6.239606857299805
103000.0,5.977030277252197
104000.0,6.073911190032959
105000.0,6.080572605133057
106000.0,6.22515869140625
107000.0,6.334688663482666
