"step","upstreamPressure_DP171_977,50-0,58-0,45=5.84562"
0.0,2.419108
1000.0,5.667287
2000.0,5.8088455
3000.0,5.624549
4000.0,5.7340565
5000.0,5.8012567
6000.0,5.9266644
7000.0,5.76923
8000.0,5.9049397
9000.0,5.6735907
10000.0,6.029791
11000.0,5.742361
12000.0,5.8884344
13000.0,5.7672367
14000.0,5.947159
15000.0,5.7829247
16000.0,5.813281
17000.0,5.8904366
18000.0,5.8716187
19000.0,5.833317
20000.0,5.83645
21000.0,5.8503494
22000.0,5.861361
23000.0,5.9459677
24000.0,5.843745
25000.0,5.822604
26000.0,5.8816695
27000.0,5.9007583
28000.0,5.8266335
29000.0,5.8603444
30000.0,5.885767
31000.0,5.8321204
32000.0,5.8405757
33000.0,5.8661222
34000.0,5.8945017
35000.0,5.835887
36000.0,5.8627496
37000.0,5.867983
38000.0,5.834628
39000.0,5.8366976
40000.0,5.8743267
41000.0,5.892953
42000.0,5.840707
43000.0,5.866393
44000.0,5.862318
45000.0,5.868117
46000.0,5.827998
47000.0,5.852513
48000.0,5.8753905
49000.0,5.8425045
50000.0,5.8705983
51000.0,5.8684278
52000.0,5.8305435
53000.0,5.875195
54000.0,5.854171
55000.0,5.8609667
56000.0,5.86277
57000.0,5.863292
58000.0,5.8639317
59000.0,5.8534775
60000.0,5.84866
61000.0,5.8773127
62000.0,5.856528
63000.0,5.8598394
64000.0,5.8537946
65000.0,5.869206
66000.0,5.863784
67000.0,5.8577614
68000.0,5.8616533
69000.0,5.8652315
70000.0,5.8405137
71000.0,5.838008
72000.0,5.853464
73000.0,5.8444004
74000.0,5.8564773
75000.0,5.854554
76000.0,5.8538
77000.0,5.85423
78000.0,5.8565245
79000.0,5.85513
80000.0,5.862288
81000.0,5.8574266
82000.0,5.8641148
83000.0,5.848743
84000.0,5.856615
85000.0,5.865078
86000.0,5.8549304
87000.0,5.8543696
88000.0,5.8593006
89000.0,5.841419
90000.0,5.85499
91000.0,5.867568
92000.0,5.850387
93000.0,5.8526216
94000.0,5.8636026
95000.0,5.8536673
96000.0,5.8656173
97000.0,5.8642564
98000.0,5.8596907
99000.0,5.8454275
100000.0,5.8558707
101000.0,5.453726768493652
102000.0,5.218746185302734
103000.0,5.003209114074707
104000.0,5.104339599609375
105000.0,5.113797187805176
106000.0,5.249054908752441
107000.0,5.361053943634033
