"step","downstreamPressure_DP164_167,50-0,62-0,31=6.40145"
0,0.1457184
1000,0.0049953624
2000,0.003033269
3000,0.0034199755
4000,0.008312245
5000,0.00871635
6000,0.0070606703
7000,0.020039428
8000,0.026119335
9000,0.06558375
10000,0.17536737
11000,0.030735347
12000,0.15741691
13000,0.35083663
14000,0.4661075
15000,0.59249777
16000,0.7638884
17000,0.9187314
18000,1.0485156
19000,1.1381994
20000,1.2501745
21000,1.3391867
22000,1.4699644
23000,1.5697777
24000,1.6700151
25000,1.7758111
26000,1.8914711
27000,1.9236012
28000,2.0390034
29000,2.090324
30000,2.1029654
31000,2.1517105
32000,2.2796004
33000,2.3177297
34000,2.5087085
35000,2.4788444
36000,2.5464895
37000,2.5467472
38000,2.6145406
39000,2.707348
40000,2.5676885
41000,2.7364352
42000,2.7393374
43000,2.8287163
44000,2.779098
45000,2.8444788
46000,2.940625
47000,2.9236445
48000,2.7761836
49000,3.1160505
50000,3.1131034
51000,3.1720588
52000,3.2011492
53000,3.1955752
54000,3.2737353
55000,3.2937188
56000,3.250194
57000,3.3201404
58000,3.358255
59000,3.3420196
60000,3.2776387
61000,3.4934447
62000,3.469666
63000,3.584187
64000,3.4171748
65000,3.4161358
66000,3.6587496
67000,3.5749464
68000,3.6982374
69000,3.6764212
70000,3.926909
71000,3.801633
72000,3.8409
73000,3.3748655
74000,3.6619558
75000,3.7780602
76000,3.8030214
77000,3.7872968
78000,3.8589728
79000,3.8260803
80000,3.8450427
81000,4.0072303
82000,3.8812952
83000,4.071851
84000,4.003403
85000,4.0853033
86000,3.411798
87000,4.1037493
88000,4.193162
89000,4.344925
90000,4.202149
91000,4.377198
92000,4.423665
93000,4.4151955
94000,4.413238
95000,4.423627
96000,4.4997725
97000,4.542557
98000,4.492528
99000,4.5621214
100000,4.633466
