"step","downstreamPressure_DP164_167,50-0,62-0,31=6.40145"
0.0,1.4343575
1000.0,4.40917
2000.0,4.6737022
3000.0,4.9227266
4000.0,4.996229
5000.0,5.2903147
6000.0,5.3045125
7000.0,5.386256
8000.0,5.4222913
9000.0,5.4803944
10000.0,5.6161137
11000.0,5.5963793
12000.0,5.612028
13000.0,5.6381416
14000.0,5.692877
15000.0,5.778575
16000.0,5.765483
17000.0,5.7802296
18000.0,5.77398
19000.0,5.7945566
20000.0,5.821921
21000.0,5.8824043
22000.0,5.816172
23000.0,5.818445
24000.0,5.853052
25000.0,5.8704767
26000.0,5.8785124
27000.0,5.855635
28000.0,5.8691387
29000.0,5.880333
30000.0,5.877936
31000.0,5.900199
32000.0,5.936564
33000.0,5.929504
34000.0,5.9252224
35000.0,5.927448
36000.0,5.9162846
37000.0,5.9146395
38000.0,5.886857
39000.0,5.940446
40000.0,5.918756
41000.0,5.935049
42000.0,5.9462476
43000.0,5.978924
44000.0,5.970567
45000.0,5.9453936
46000.0,5.967456
47000.0,5.949874
48000.0,5.943143
49000.0,5.968957
50000.0,5.95376
51000.0,5.9708796
52000.0,5.962686
53000.0,5.9504375
54000.0,5.9637604
55000.0,5.953187
56000.0,5.9463873
57000.0,5.9787025
58000.0,5.9680233
59000.0,5.971239
60000.0,5.989989
61000.0,5.984109
62000.0,5.991379
63000.0,5.9937415
64000.0,6.0206223
65000.0,5.9958
66000.0,5.9963436
67000.0,6.0081263
68000.0,5.98138
69000.0,5.9988728
70000.0,5.9961615
71000.0,6.0189037
72000.0,6.0063105
73000.0,6.0361958
74000.0,6.0011406
75000.0,6.00712
76000.0,6.015276
77000.0,6.0089116
78000.0,6.0167766
79000.0,6.0218396
80000.0,6.01482
81000.0,6.0123444
82000.0,6.01029
83000.0,6.0236406
84000.0,5.9997263
85000.0,6.0070877
86000.0,6.028905
87000.0,6.0232806
88000.0,6.039177
89000.0,6.037675
90000.0,6.032201
91000.0,6.0322533
92000.0,6.034278
93000.0,6.041937
94000.0,6.036439
95000.0,6.031342
96000.0,6.0568333
97000.0,6.0380735
98000.0,6.032544
99000.0,6.0438623
100000.0,6.0476723
