"step","upstreamPressure_DP79_972,73-0,89-0,39=5.82216"
0.0,1.8851207
1000.0,5.822508
2000.0,5.8927164
3000.0,5.849926
4000.0,5.7971096
5000.0,5.863632
6000.0,5.810876
7000.0,5.813251
8000.0,5.85775
9000.0,5.776496
10000.0,5.897586
11000.0,5.8324594
12000.0,5.80828
13000.0,5.842799
14000.0,5.8298454
15000.0,5.841275
16000.0,5.8313723
17000.0,5.812402
18000.0,5.8128824
19000.0,5.812157
20000.0,5.823369
21000.0,5.8532257
22000.0,5.8021455
23000.0,5.805263
24000.0,5.8311977
25000.0,5.797868
26000.0,5.850937
27000.0,5.8292656
28000.0,5.820835
29000.0,5.816161
30000.0,5.8292427
31000.0,5.8219476
32000.0,5.8308563
33000.0,5.830637
34000.0,5.8260937
35000.0,5.8197565
36000.0,5.8163624
37000.0,5.8052144
38000.0,5.8105345
39000.0,5.825563
40000.0,5.813466
41000.0,5.823509
42000.0,5.8187857
43000.0,5.8098283
44000.0,5.8321414
45000.0,5.8239846
46000.0,5.8303127
47000.0,5.812396
48000.0,5.817489
49000.0,5.825793
50000.0,5.815528
51000.0,5.806736
52000.0,5.824897
53000.0,5.8155675
54000.0,5.818864
55000.0,5.821369
56000.0,5.8252172
57000.0,5.8233595
58000.0,5.820328
59000.0,5.8175693
60000.0,5.828406
61000.0,5.822006
62000.0,5.8176975
63000.0,5.82851
64000.0,5.8209176
65000.0,5.8146453
66000.0,5.8167467
67000.0,5.8259335
68000.0,5.813899
69000.0,5.824923
70000.0,5.8202677
71000.0,5.8297544
72000.0,5.8215137
73000.0,5.82657
74000.0,5.812603
75000.0,5.8214245
76000.0,5.8188353
77000.0,5.818943
78000.0,5.822982
79000.0,5.82016
80000.0,5.8229628
81000.0,5.8200264
82000.0,5.821323
83000.0,5.8290396
84000.0,5.8133416
85000.0,5.8222685
86000.0,5.8215656
87000.0,5.8209276
88000.0,5.8247986
89000.0,5.8246613
90000.0,5.823038
91000.0,5.826581
92000.0,5.821874
93000.0,5.8250914
94000.0,5.8204966
95000.0,5.82145
96000.0,5.8268223
97000.0,5.8186626
98000.0,5.8194866
99000.0,5.822603
100000.0,5.818268
101000.0,5.75589656829834
