"step","upstreamPressure_DP158_752,50-0,78-0,19=6.44549"
0.0,2.1295264
1000.0,6.373833
2000.0,6.4693375
3000.0,6.480323
4000.0,6.4149833
5000.0,6.519782
6000.0,6.4561253
7000.0,6.4549475
8000.0,6.450141
9000.0,6.453145
10000.0,6.5695887
11000.0,6.480751
12000.0,6.4501114
13000.0,6.4642186
14000.0,6.4686546
15000.0,6.466466
16000.0,6.4626474
17000.0,6.447818
18000.0,6.451191
19000.0,6.441534
20000.0,6.4237385
21000.0,6.479995
22000.0,6.4259596
23000.0,6.3971376
24000.0,6.4369497
25000.0,6.416904
26000.0,6.45959
27000.0,6.431281
28000.0,6.40765
29000.0,6.413124
30000.0,6.431731
31000.0,6.424761
32000.0,6.4127645
33000.0,6.416822
34000.0,6.4071813
35000.0,6.407577
36000.0,6.4071407
37000.0,6.3877563
38000.0,6.3990374
39000.0,6.407107
40000.0,6.3953905
41000.0,6.403592
42000.0,6.4036713
43000.0,6.383193
44000.0,6.409737
45000.0,6.3971167
46000.0,6.4114876
47000.0,6.3909483
48000.0,6.393674
49000.0,6.3973713
50000.0,6.399286
51000.0,6.3915634
52000.0,6.395978
53000.0,6.39085
54000.0,6.394068
55000.0,6.3886957
56000.0,6.376935
57000.0,6.386208
58000.0,6.3800697
59000.0,6.377573
60000.0,6.390089
61000.0,6.3912697
62000.0,6.392211
63000.0,6.392107
64000.0,6.378417
65000.0,6.368249
66000.0,6.3816123
67000.0,6.3882656
68000.0,6.373204
69000.0,6.3804255
70000.0,6.3827696
71000.0,6.3916245
72000.0,6.3811045
73000.0,6.3947353
74000.0,6.3735685
75000.0,6.3852425
76000.0,6.3841343
77000.0,6.387403
78000.0,6.388444
79000.0,6.386591
80000.0,6.3931427
81000.0,6.390311
82000.0,6.3969226
83000.0,6.394644
84000.0,6.3891487
85000.0,6.3914137
86000.0,6.392661
87000.0,6.388545
88000.0,6.388155
89000.0,6.3948793
90000.0,6.3931847
91000.0,6.393714
92000.0,6.386462
93000.0,6.387837
94000.0,6.3875713
95000.0,6.3873687
96000.0,6.384783
97000.0,6.3823786
98000.0,6.382515
99000.0,6.390339
100000.0,6.3903303
101000.0,6.263788223266602
