"step","downstreamPressure_DP165_347,50-0,50-0,33=3.22474"
0.0,1.8601286
1000.0,3.316222
2000.0,3.3900802
3000.0,3.4741547
4000.0,3.452668
5000.0,3.527956
6000.0,3.4388185
7000.0,3.441576
8000.0,3.3592954
9000.0,3.3935368
10000.0,3.4066827
11000.0,3.4031434
12000.0,3.367258
13000.0,3.362928
14000.0,3.350625
15000.0,3.3667283
16000.0,3.3379674
17000.0,3.3509536
18000.0,3.3341737
19000.0,3.3344765
20000.0,3.2981112
21000.0,3.3377047
22000.0,3.289754
23000.0,3.3203125
24000.0,3.3037534
25000.0,3.2790432
26000.0,3.3300154
27000.0,3.300496
28000.0,3.3010483
29000.0,3.300074
30000.0,3.294403
31000.0,3.3086073
32000.0,3.3092113
33000.0,3.3133092
34000.0,3.2963023
35000.0,3.315971
36000.0,3.3134632
37000.0,3.3029552
38000.0,3.2886782
39000.0,3.3101301
40000.0,3.3013859
41000.0,3.3028889
42000.0,3.3120396
43000.0,3.3182032
44000.0,3.3025994
45000.0,3.3083076
46000.0,3.3075676
47000.0,3.2943382
48000.0,3.3079913
49000.0,3.3061059
50000.0,3.31039
51000.0,3.3125515
52000.0,3.2881792
53000.0,3.30602
54000.0,3.288431
55000.0,3.2864857
56000.0,3.336301
57000.0,3.3050957
58000.0,3.291249
59000.0,3.2744193
60000.0,3.284194
61000.0,3.281623
62000.0,3.2864933
63000.0,3.297761
64000.0,3.302361
65000.0,3.2918553
66000.0,3.27505
67000.0,3.27858
68000.0,3.2574914
69000.0,3.2679408
70000.0,3.2662816
71000.0,3.2828913
72000.0,3.2779331
73000.0,3.2829494
74000.0,3.262075
75000.0,3.2663136
76000.0,3.2692735
77000.0,3.268515
78000.0,3.2672758
79000.0,3.2831187
80000.0,3.2712061
81000.0,3.2629328
82000.0,3.263647
83000.0,3.2590349
84000.0,3.2568572
85000.0,3.2645912
86000.0,3.282871
87000.0,3.2771485
88000.0,3.2716908
89000.0,3.2639508
90000.0,3.2582414
91000.0,3.2641063
92000.0,3.2540832
93000.0,3.2751637
94000.0,3.2654238
95000.0,3.2570438
96000.0,3.2949018
97000.0,3.2751234
98000.0,3.2665164
99000.0,3.2718215
100000.0,3.2593014
