"step","upstreamPressure_DP155_662,50-0,74-0,13=6.82799"
0.0,2.091874
1000.0,7.909694
2000.0,7.637746
3000.0,7.4450054
4000.0,7.318265
5000.0,7.3393216
6000.0,7.1912003
7000.0,7.157631
8000.0,7.0972424
9000.0,7.01581
10000.0,7.1292152
11000.0,7.0120096
12000.0,6.957672
13000.0,6.9372325
14000.0,6.9261723
15000.0,6.954941
16000.0,6.890815
17000.0,6.8744097
18000.0,6.871461
19000.0,6.855401
20000.0,6.8461704
21000.0,6.8693457
22000.0,6.819092
23000.0,6.7922235
24000.0,6.819058
25000.0,6.790015
26000.0,6.8335233
27000.0,6.807461
28000.0,6.782488
29000.0,6.7788315
30000.0,6.791664
31000.0,6.777894
32000.0,6.7673182
33000.0,6.7758036
34000.0,6.758696
35000.0,6.7510624
36000.0,6.75807
37000.0,6.7307844
38000.0,6.7308054
39000.0,6.7463903
40000.0,6.738969
41000.0,6.7452435
42000.0,6.7332706
43000.0,6.736571
44000.0,6.769524
45000.0,6.7437553
46000.0,6.733965
47000.0,6.7273235
48000.0,6.715643
49000.0,6.7320185
50000.0,6.728958
51000.0,6.7269206
52000.0,6.715041
53000.0,6.7122216
54000.0,6.7280664
55000.0,6.7153835
56000.0,6.7244473
57000.0,6.721715
58000.0,6.7112026
59000.0,6.710161
60000.0,6.7185187
61000.0,6.723831
62000.0,6.72633
63000.0,6.7353287
64000.0,6.7133164
65000.0,6.6958404
66000.0,6.7096376
67000.0,6.722731
68000.0,6.7038336
69000.0,6.714326
70000.0,6.7172217
71000.0,6.7243776
72000.0,6.7153788
73000.0,6.7276926
74000.0,6.704394
75000.0,6.7139964
76000.0,6.7152233
77000.0,6.7181587
78000.0,6.721037
79000.0,6.715547
80000.0,6.717013
81000.0,6.717199
82000.0,6.721093
83000.0,6.7214684
84000.0,6.708675
85000.0,6.723382
86000.0,6.713505
87000.0,6.7195992
88000.0,6.725625
89000.0,6.731821
90000.0,6.719605
91000.0,6.725299
92000.0,6.717353
93000.0,6.7193103
94000.0,6.7216506
95000.0,6.724558
96000.0,6.721795
97000.0,6.7204485
98000.0,6.721282
99000.0,6.7283783
100000.0,6.7256727
101000.0,6.569325923919678
101000.0,6.4586920738220215
