"step","downstreamPressure_DP165_347,50-0,50-0,33=3.22474"
0,1.4875941
1000,3.3086252
2000,3.3711681
3000,3.190566
4000,3.2027168
5000,3.1030698
6000,3.173177
7000,3.2278228
8000,3.2816849
9000,3.420217
10000,3.2357874
11000,3.180581
12000,3.1892047
13000,3.1688943
14000,3.1701715
15000,3.2115655
16000,3.2169957
17000,3.2404838
18000,3.2315483
19000,3.238144
20000,3.206541
21000,3.1758318
22000,3.2009332
23000,3.2164063
24000,3.2392097
25000,3.1863823
26000,3.1592216
27000,3.2381554
28000,3.2030816
29000,3.2337492
30000,3.2224288
31000,3.193206
32000,3.200588
33000,3.1722414
34000,3.2065558
35000,3.2150006
36000,3.216701
37000,3.219303
38000,3.2225516
39000,3.2247558
40000,3.2270303
41000,3.1964855
42000,3.2099967
43000,3.2170558
44000,3.234444
45000,3.21956
46000,3.2374613
47000,3.218839
48000,3.1921468
49000,3.2070694
50000,3.2149107
51000,3.2622979
52000,3.203514
53000,3.2269063
54000,3.2283187
55000,3.2235742
56000,3.2350702
57000,3.2054582
58000,3.215939
59000,3.1954117
60000,3.235136
61000,3.2281458
62000,3.2315283
63000,3.2039933
64000,3.233354
65000,3.2318516
66000,3.221409
67000,3.213585
68000,3.2310674
69000,3.22577
70000,3.2438102
71000,3.2036736
72000,3.2132244
73000,3.215935
74000,3.24431
75000,3.2308202
76000,3.2446141
77000,3.2143703
78000,3.2135396
79000,3.222773
80000,3.2382257
81000,3.2072973
82000,3.2335334
83000,3.2156696
84000,3.2142463
85000,3.234817
86000,3.2444599
87000,3.2082615
88000,3.2323833
89000,3.2140172
90000,3.2090576
91000,3.212574
92000,3.212592
93000,3.231213
94000,3.2215478
95000,3.2247207
96000,3.2286482
97000,3.2297573
98000,3.2255812
99000,3.2304528
100000,3.2219973
