"step","downstreamPressure_DP166_797,50-0,94-0,35=1.61743"
0,2.7016635
1000,1.6124882
2000,1.7310748
3000,1.5680212
4000,1.564242
5000,1.530455
6000,1.556527
7000,1.6285588
8000,1.6683292
9000,1.382276
10000,1.5703907
11000,1.568475
12000,1.5430844
13000,1.5492707
14000,1.5570399
15000,1.6320109
16000,1.5876267
17000,1.6063819
18000,1.5969023
19000,1.6130589
20000,1.6057899
21000,1.5465175
22000,1.5848194
23000,1.6020685
24000,1.6048675
25000,1.571681
26000,1.5649191
27000,1.6164372
28000,1.5942982
29000,1.6120298
30000,1.595208
31000,1.5901926
32000,1.5765662
33000,1.5846889
34000,1.6019974
35000,1.6117518
36000,1.6071954
37000,1.5969572
38000,1.6040051
39000,1.6244903
40000,1.6145313
41000,1.5895714
42000,1.6004095
43000,1.6207347
44000,1.6279848
45000,1.6158974
46000,1.6165966
47000,1.6115987
48000,1.5989883
49000,1.6015483
50000,1.6121234
51000,1.632977
52000,1.6079581
53000,1.6088841
54000,1.6092114
55000,1.6133041
56000,1.6283524
57000,1.5945895
58000,1.6145812
59000,1.5996158
60000,1.6176153
61000,1.626642
62000,1.6249338
63000,1.6050429
64000,1.6245958
65000,1.6223452
66000,1.6143359
67000,1.6145562
68000,1.6247519
69000,1.6108011
70000,1.6317829
71000,1.6023932
72000,1.605962
73000,1.6075714
74000,1.6297964
75000,1.6188495
76000,1.6353908
77000,1.6050922
78000,1.5943835
79000,1.6088861
80000,1.6302705
81000,1.5982108
82000,1.620651
83000,1.6051394
84000,1.6084814
85000,1.6231166
86000,1.6278869
87000,1.6119627
88000,1.6245856
89000,1.6067284
90000,1.5950675
91000,1.5983948
92000,1.6077801
93000,1.620203
94000,1.6046913
95000,1.6170229
96000,1.6130843
97000,1.6133322
98000,1.6089532
99000,1.6163056
100000,1.6104271
