"step","downstreamPressure_DP165_347,50-0,50-0,33=3.22474"
0,1.4867542
1000,3.4514709
2000,3.2837853
3000,3.24506
4000,3.1261137
5000,3.182357
6000,3.238265
7000,3.2109332
8000,3.3012137
9000,3.1891541
10000,3.2600048
11000,3.1858172
12000,3.2395246
13000,3.1780336
14000,3.3606896
15000,3.199316
16000,3.2267547
17000,3.2271786
18000,3.237249
19000,3.1958785
20000,3.2403538
21000,3.2238736
22000,3.1714177
23000,3.2575479
24000,3.2311375
25000,3.1950393
26000,3.2439954
27000,3.2112591
28000,3.278079
29000,3.2217135
30000,3.2156014
31000,3.1856487
32000,3.2116246
33000,3.209416
34000,3.2519011
35000,3.2022781
36000,3.1902606
37000,3.2384148
38000,3.200385
39000,3.208633
40000,3.2361817
41000,3.2354088
42000,3.2080958
43000,3.255189
44000,3.2397008
45000,3.2224085
46000,3.2305672
47000,3.238925
48000,3.2517815
49000,3.2147264
50000,3.2447662
51000,3.2360141
52000,3.1972382
53000,3.2160501
54000,3.2153418
55000,3.229958
56000,3.2145038
57000,3.2417276
58000,3.2030294
59000,3.228481
60000,3.209274
61000,3.2091243
62000,3.2149117
63000,3.2315369
64000,3.2161715
65000,3.2229137
66000,3.2012925
67000,3.235228
68000,3.2459416
69000,3.2346234
70000,3.232153
71000,3.1836486
72000,3.225719
73000,3.2162192
74000,3.2373493
75000,3.2152176
76000,3.2230747
77000,3.209491
78000,3.22012
79000,3.2252977
80000,3.2162926
81000,3.226326
82000,3.2293181
83000,3.225039
84000,3.2231777
85000,3.2386923
86000,3.2344308
87000,3.2379618
88000,3.2308633
89000,3.2099252
90000,3.239445
91000,3.2285688
92000,3.2165782
93000,3.232062
94000,3.2354817
95000,3.2254171
96000,3.2298632
97000,3.2317142
98000,3.2416253
99000,3.2168553
100000,3.2284029
