"step","downstreamPressure_DP164_167,50-0,62-0,31=6.40145"
0,1.4534314
1000,6.56273
2000,6.6421127
3000,6.39823
4000,6.4068575
5000,6.2414913
6000,6.368806
7000,6.387145
8000,6.5140004
9000,6.399068
10000,6.451069
11000,6.375041
12000,6.4398785
13000,6.3481264
14000,6.347701
15000,6.330063
16000,6.390006
17000,6.4173346
18000,6.4419007
19000,6.40263
20000,6.363201
21000,6.305346
22000,6.3645945
23000,6.3757
24000,6.4176264
25000,6.3612723
26000,6.3020105
27000,6.4161177
28000,6.358613
29000,6.443908
30000,6.395686
31000,6.3164577
32000,6.3363676
33000,6.2996874
34000,6.3535047
35000,6.3874416
36000,6.382511
37000,6.4070883
38000,6.3925962
39000,6.3976984
40000,6.421874
41000,6.3733444
42000,6.3834467
43000,6.40193
44000,6.4343033
45000,6.409133
46000,6.4447813
47000,6.381352
48000,6.3342705
49000,6.380759
50000,6.3860464
51000,6.4638433
52000,6.3846073
53000,6.4192376
54000,6.399143
55000,6.368144
56000,6.4126287
57000,6.3496027
58000,6.375123
59000,6.368239
60000,6.403764
61000,6.3896008
62000,6.420431
63000,6.3674874
64000,6.4064302
65000,6.4072776
66000,6.3938246
67000,6.3860645
68000,6.393754
69000,6.407204
70000,6.433841
71000,6.362444
72000,6.37901
73000,6.3928914
74000,6.4202914
75000,6.4073095
76000,6.4034324
77000,6.3867607
78000,6.391058
79000,6.3928375
80000,6.4297748
81000,6.3582435
82000,6.3979554
83000,6.382048
84000,6.3536544
85000,6.392042
86000,6.406323
87000,6.3603272
88000,6.404608
89000,6.3671894
90000,6.3616495
91000,6.3834543
92000,6.345175
93000,6.3946753
94000,6.3982663
95000,6.3991504
96000,6.3938727
97000,6.3933296
98000,6.386406
99000,6.3977885
100000,6.3840957
