"step","downstreamPressure_DP172_842,50-0,42-0,47=1.5114"
0,2.06416
1000,1.6274886
2000,1.6162684
3000,1.537293
4000,1.5229535
5000,1.4674549
6000,1.4786178
7000,1.5435497
8000,1.5952582
9000,1.360297
10000,1.5238582
11000,1.5268538
12000,1.4908264
13000,1.4989786
14000,1.4911244
15000,1.5643401
16000,1.5086554
17000,1.5292977
18000,1.5185282
19000,1.528775
20000,1.523422
21000,1.4683399
22000,1.497404
23000,1.516211
24000,1.5198417
25000,1.4852513
26000,1.4801447
27000,1.5271509
28000,1.5077765
29000,1.5266033
30000,1.5028117
31000,1.4911819
32000,1.4822963
33000,1.493023
34000,1.508281
35000,1.5170653
36000,1.5112009
37000,1.507349
38000,1.5083002
39000,1.5332524
40000,1.5183696
41000,1.4917448
42000,1.5061529
43000,1.5232759
44000,1.5305983
45000,1.5153457
46000,1.5171816
47000,1.5173979
48000,1.4964361
49000,1.5042317
50000,1.5167083
51000,1.5339851
52000,1.5111324
53000,1.5109403
54000,1.5099317
55000,1.5122712
56000,1.5238093
57000,1.4926367
58000,1.5144128
59000,1.4987506
60000,1.5156298
61000,1.5262855
62000,1.5252042
63000,1.5047698
64000,1.5196326
65000,1.5183182
66000,1.5085921
67000,1.5130354
68000,1.521587
69000,1.5092568
70000,1.5300169
71000,1.4999359
72000,1.5049345
73000,1.504885
74000,1.5295639
75000,1.5170839
76000,1.5316702
77000,1.5038295
78000,1.4870092
79000,1.5063506
80000,1.5261263
81000,1.4931028
82000,1.5137265
83000,1.502515
84000,1.504707
85000,1.5187715
86000,1.5221956
87000,1.5067391
88000,1.5213094
89000,1.5000403
90000,1.4902611
91000,1.4934635
92000,1.5010083
93000,1.5136552
94000,1.4948163
95000,1.5100653
96000,1.5064945
97000,1.507765
98000,1.5045851
99000,1.5125358
100000,1.5080986
