"step","upstreamPressure_DP155_662,50-0,74-0,13=6.82799"
0,2.0121348
1000,7.303184
2000,6.99137
3000,6.751363
4000,6.82049
5000,6.8795514
6000,6.963009
7000,6.891408
8000,6.8773704
9000,5.790454
10000,6.88794
11000,6.7995167
12000,6.921551
13000,6.799125
14000,6.7298183
15000,6.737509
16000,6.852915
17000,6.833679
18000,6.8183928
19000,6.8084693
20000,6.81956
21000,6.640319
22000,6.7937956
23000,6.8005123
24000,6.8237553
25000,6.7918196
26000,6.7675405
27000,6.8203187
28000,6.7611732
29000,6.857525
30000,6.807067
31000,6.7811913
32000,6.7579618
33000,6.768249
34000,6.791911
35000,6.806674
36000,6.822447
37000,6.80275
38000,6.8343983
39000,6.8347764
40000,6.8383226
41000,6.7937555
42000,6.8057833
43000,6.8325996
44000,6.836565
45000,6.8238325
46000,6.8499312
47000,6.8058777
48000,6.7881145
49000,6.807455
50000,6.8138967
51000,6.8704667
52000,6.809414
53000,6.837323
54000,6.8191648
55000,6.8238115
56000,6.824629
57000,6.802187
58000,6.817806
59000,6.797725
60000,6.8133698
61000,6.8223915
62000,6.82421
63000,6.8214583
64000,6.819913
65000,6.8440013
66000,6.8149405
67000,6.807775
68000,6.81638
69000,6.8188977
70000,6.8288827
71000,6.795689
72000,6.8087845
73000,6.8117332
74000,6.849454
75000,6.8304787
76000,6.8421926
77000,6.815954
78000,6.807375
79000,6.802595
80000,6.8330193
81000,6.7905197
82000,6.828209
83000,6.810064
84000,6.8095055
85000,6.821601
86000,6.8312874
87000,6.8056507
88000,6.828784
89000,6.7958226
90000,6.8044357
91000,6.8070803
92000,6.810933
93000,6.828062
94000,6.8137083
95000,6.8160534
96000,6.8236866
97000,6.8210917
98000,6.8072815
99000,6.816886
100000,6.816126
