"step","upstreamPressure_DP165_347,50-0,50-0,33=9.17385"
0,1.4818358
1000,9.556194
2000,9.350946
3000,9.066356
4000,9.179162
5000,9.204597
6000,9.28961
7000,9.197836
8000,9.303992
9000,8.645746
10000,9.257819
11000,9.194742
12000,9.339497
13000,9.158873
14000,9.138297
15000,9.054605
16000,9.183434
17000,9.174843
18000,9.182537
19000,9.162121
20000,9.1551285
21000,9.094233
22000,9.152826
23000,9.169877
24000,9.165594
25000,9.156898
26000,9.102709
27000,9.169737
28000,9.074623
29000,9.20801
30000,9.152428
31000,9.140779
32000,9.136944
33000,9.074064
34000,9.13031
35000,9.127653
36000,9.193189
37000,9.153067
38000,9.177738
39000,9.165242
40000,9.200029
41000,9.127541
42000,9.159779
43000,9.166596
44000,9.198869
45000,9.171216
46000,9.218632
47000,9.158062
48000,9.120709
49000,9.153404
50000,9.159094
51000,9.231842
52000,9.141539
53000,9.202185
54000,9.152327
55000,9.139107
56000,9.167371
57000,9.114823
58000,9.136141
59000,9.1540985
60000,9.158546
61000,9.151778
62000,9.166039
63000,9.167528
64000,9.162202
65000,9.192961
66000,9.160165
67000,9.174536
68000,9.160883
69000,9.178384
70000,9.184996
71000,9.152575
72000,9.156734
73000,9.1716585
74000,9.211077
75000,9.1832905
76000,9.192396
77000,9.162468
78000,9.17642
79000,9.178331
80000,9.175123
81000,9.131986
82000,9.171564
83000,9.155626
84000,9.148548
85000,9.1609535
86000,9.173764
87000,9.147776
88000,9.183575
89000,9.159214
90000,9.154299
91000,9.148981
92000,9.137716
93000,9.17703
94000,9.183636
95000,9.161977
96000,9.17947
97000,9.168829
98000,9.152061
99000,9.177905
100000,9.167369
