"step","downstreamPressure_DP5_1000,00-0,65-0,12=1.27245"
500000,1.6398244
