"step","upstreamPressure_DP157_617,50-0,90-0,17=7.00055"
500000,7.023568
