"step","downstreamPressure_DP160_257,50-0,98-0,23=4.24236"
0,2.1729288
1000,4.5886145
2000,4.7448525
3000,4.610168
4000,4.6075897
5000,4.531517
6000,4.4752045
7000,4.4153957
8000,4.3804793
9000,4.3595576
10000,4.3312387
11000,4.5465627
12000,4.5659947
13000,4.4481435
14000,4.4297943
15000,4.3969107
16000,4.3439183
17000,4.3336396
18000,4.3111973
19000,4.2454925
20000,4.293063
21000,4.299886
22000,4.316722
23000,4.4409103
24000,4.32909
25000,4.278281
26000,4.2738657
27000,4.2628584
28000,4.275717
29000,4.2118664
30000,4.2974844
31000,4.3199964
32000,4.2682657
33000,4.2747574
34000,4.4615583
35000,4.3665543
36000,4.321147
37000,4.293194
38000,4.298712
39000,4.2828455
40000,4.2964373
41000,4.2901416
42000,4.3025074
43000,4.257205
44000,4.2735615
45000,4.2940426
46000,4.2972956
47000,4.2995453
48000,4.2716274
49000,4.286524
50000,4.292731
51000,4.2927427
52000,4.281626
53000,4.271524
54000,4.2755117
55000,4.27138
56000,4.264599
57000,4.2705984
58000,4.2614803
59000,4.2513666
60000,4.2332506
61000,4.2367473
62000,4.239852
63000,4.235269
64000,4.2397537
65000,4.249316
66000,4.2523336
67000,4.244211
68000,4.2536206
69000,4.260949
70000,4.250125
71000,4.2540483
72000,4.245818
73000,4.23757
74000,4.2349653
75000,4.255028
76000,4.248827
77000,4.2609453
78000,4.253605
79000,4.248314
80000,4.262389
81000,4.2543917
82000,4.256922
83000,4.267194
84000,4.244966
85000,4.2697854
86000,4.2780232
87000,4.27505
88000,4.2809296
89000,4.2768497
90000,4.2918215
91000,4.27674
92000,4.2752037
93000,4.2776227
94000,4.2864
95000,4.2929425
96000,4.2960043
97000,4.2838755
98000,4.2953243
99000,4.29757
100000,4.30848
