"step","downstreamPressure_DP169_527,50-0,82-0,41=2.22699"
0,2.286008
1000,2.604136
2000,2.5292196
3000,2.4687738
4000,2.326282
5000,2.246667
6000,2.2209983
7000,2.1891272
8000,2.1970925
9000,2.198676
10000,2.4075804
11000,2.3989964
12000,2.4281342
13000,2.361586
14000,2.4007525
15000,2.3667285
16000,2.3357234
17000,2.2966213
18000,2.3118954
19000,2.2364197
20000,2.312162
21000,2.2882051
22000,2.3048382
23000,2.336453
24000,2.345033
25000,2.263197
26000,2.235836
27000,2.2299576
28000,2.2472124
29000,2.1521177
30000,2.21479
31000,2.2375348
32000,2.2371988
33000,2.239132
34000,2.3615193
35000,2.3148198
36000,2.2625992
37000,2.2431118
38000,2.2422674
39000,2.2383401
40000,2.2582297
41000,2.2471466
42000,2.2633243
43000,2.2481098
44000,2.246586
45000,2.265448
46000,2.2637
47000,2.265697
48000,2.252688
49000,2.260662
50000,2.2554886
51000,2.2583551
52000,2.2452025
53000,2.2363257
54000,2.2401023
55000,2.234921
56000,2.2557492
57000,2.2289286
58000,2.2247233
59000,2.231786
60000,2.2393367
61000,2.2400475
62000,2.2367573
63000,2.2223058
64000,2.2262337
65000,2.2284899
66000,2.2279902
67000,2.2213566
68000,2.226734
69000,2.2200105
70000,2.2250242
71000,2.227878
72000,2.225195
73000,2.224306
74000,2.2204695
75000,2.2335372
76000,2.2333891
77000,2.2395706
78000,2.2354856
79000,2.224575
80000,2.2402515
81000,2.2318516
82000,2.235329
83000,2.240808
84000,2.225334
85000,2.245512
86000,2.2496855
87000,2.2496965
88000,2.256744
89000,2.2519145
90000,2.2652667
91000,2.2501936
92000,2.248774
93000,2.251853
94000,2.2592611
95000,2.2628744
96000,2.2672508
97000,2.2612
98000,2.2695444
99000,2.2686782
100000,2.2808263
