"step","downstreamPressure_DP167_212,50-0,70-0,37=5.09347"
0,1.7575557
1000,4.7441635
2000,5.2286158
3000,5.3722177
4000,5.510925
5000,5.4518623
6000,5.425894
7000,5.3764896
8000,5.351182
9000,5.330058
10000,4.7956266
11000,5.2270765
12000,5.371559
13000,5.3188767
14000,5.40236
15000,5.3504677
16000,5.327894
17000,5.3138676
18000,5.267178
19000,5.162919
20000,5.200862
21000,5.2142687
22000,5.226411
23000,5.2834625
24000,5.2856536
25000,5.1873655
26000,5.1647906
27000,5.135095
28000,5.1314373
29000,5.075794
30000,5.160102
31000,5.1418805
32000,5.0905733
33000,5.0926905
34000,5.314229
35000,5.266388
36000,5.199706
37000,5.1463547
38000,5.146694
39000,5.1169596
40000,5.1210585
41000,5.110276
42000,5.115403
43000,5.046626
44000,5.0665693
45000,5.098387
46000,5.1033044
47000,5.1068554
48000,5.078842
49000,5.092374
50000,5.10229
51000,5.1012883
52000,5.090358
53000,5.0826287
54000,5.087284
55000,5.0814977
56000,5.149601
57000,5.13432
58000,5.108099
59000,5.0961714
60000,5.07946
61000,5.0787745
62000,5.0742283
63000,5.063096
64000,5.0623517
65000,5.0718513
66000,5.0770817
67000,5.0659494
68000,5.0776014
69000,5.0876446
70000,5.075459
71000,5.077607
72000,5.07001
73000,5.058729
74000,5.053396
75000,5.07605
76000,5.0691924
77000,5.081356
78000,5.0710363
79000,5.069208
80000,5.0842457
81000,5.0755363
82000,5.079406
83000,5.0881042
84000,5.0691695
85000,5.096347
86000,5.1061
87000,5.1004934
88000,5.109984
89000,5.1057835
90000,5.123958
91000,5.109517
92000,5.1068053
93000,5.1118526
94000,5.12306
95000,5.130654
96000,5.1324
97000,5.12123
98000,5.1318426
99000,5.13692
100000,5.1466737
