"step","downstreamPressure_DP166_797,50-0,94-0,35=1.61743"
0,2.737873
1000,1.8055921
2000,1.7846613
3000,1.7583133
4000,1.6123567
5000,1.5641832
6000,1.5539099
7000,1.5364335
8000,1.5521618
9000,1.5559609
10000,1.6628286
11000,1.676701
12000,1.7417483
13000,1.690387
14000,1.7232127
15000,1.6963335
16000,1.6857694
17000,1.6479962
18000,1.6771834
19000,1.6153376
20000,1.6846012
21000,1.6504768
22000,1.6620605
23000,1.6783133
24000,1.6922597
25000,1.6254314
26000,1.5994064
27000,1.5948977
28000,1.6157334
29000,1.5102322
30000,1.5635469
31000,1.6049697
32000,1.6120203
33000,1.6140015
34000,1.7047304
35000,1.670669
36000,1.6260823
37000,1.6110137
38000,1.6125617
39000,1.6162338
40000,1.6358273
41000,1.6230915
42000,1.6329486
43000,1.6252375
44000,1.6148428
45000,1.6315334
46000,1.6294403
47000,1.6318183
48000,1.6218526
49000,1.6326373
50000,1.6267989
51000,1.629375
52000,1.616149
53000,1.6096935
54000,1.610867
55000,1.6058981
56000,1.6333348
57000,1.6122699
58000,1.6138359
59000,1.6175139
60000,1.6197712
61000,1.6219354
62000,1.6172674
63000,1.6028118
64000,1.605297
65000,1.6063983
66000,1.6026752
67000,1.5959247
68000,1.599421
69000,1.5845456
70000,1.5944664
71000,1.596171
72000,1.5956422
73000,1.5942248
74000,1.5911429
75000,1.6007388
76000,1.6031015
77000,1.6075101
78000,1.6071987
79000,1.5929672
80000,1.6083306
81000,1.6014185
82000,1.6067207
83000,1.6095451
84000,1.5950823
85000,1.6112936
86000,1.6151233
87000,1.6166065
88000,1.6224562
89000,1.6158535
90000,1.6264901
91000,1.6126881
92000,1.6105531
93000,1.6134387
94000,1.6191498
95000,1.6205578
96000,1.6239599
97000,1.6197302
98000,1.6285492
99000,1.6252493
100000,1.6373775
