"step","downstreamPressure_DP86_145,45-0,43-0,41=7.34933"
0,1.347647
1000,5.2445903
2000,6.059594
3000,6.540717
4000,7.069812
5000,7.18133
6000,7.3076777
7000,7.384468
8000,7.4566355
9000,7.503191
10000,6.0450654
11000,6.7680244
12000,7.1102414
13000,7.1723723
14000,7.4514427
15000,7.431892
16000,7.570032
17000,7.6296344
18000,7.5719957
19000,7.449869
20000,7.474702
21000,7.550564
22000,7.5733995
23000,7.4341097
24000,7.579356
25000,7.5052977
26000,7.4909964
27000,7.4506817
28000,7.4342756
29000,7.4156203
30000,7.49681
31000,7.48265
32000,7.4087725
33000,7.4167914
34000,7.416911
35000,7.51707
36000,7.4917164
37000,7.4282093
38000,7.4483185
39000,7.412613
40000,7.417742
41000,7.4240255
42000,7.4416447
43000,7.3238525
44000,7.3560753
45000,7.3911943
46000,7.404956
47000,7.410664
48000,7.3642864
49000,7.3873477
50000,7.4047437
51000,7.4040446
52000,7.3893895
53000,7.3874874
54000,7.3927207
55000,7.3851585
56000,7.392745
57000,7.4377394
58000,7.421375
59000,7.4134393
60000,7.3782434
61000,7.3837223
62000,7.3745556
63000,7.364685
64000,7.3578153
65000,7.3735766
66000,7.381587
67000,7.3646154
68000,7.3811426
69000,7.40108
70000,7.3783293
71000,7.378572
72000,7.371029
73000,7.3496714
74000,7.344127
75000,7.374943
76000,7.3659115
77000,7.3838367
78000,7.365637
79000,7.370226
80000,7.3829517
81000,7.371171
82000,7.3729715
83000,7.3758545
84000,7.355444
85000,7.3866615
86000,7.395961
87000,7.3819866
88000,7.395483
89000,7.388482
90000,7.407219
91000,7.393178
92000,7.388157
93000,7.3972054
94000,7.412869
95000,7.4197545
96000,7.417083
97000,7.403769
98000,7.416342
99000,7.422902
100000,7.4305778
