"step","upstreamPressure_DP86_145,45-0,43-0,41=16.0418"
0,1.1949645
1000,12.032829
2000,13.630845
3000,14.764003
4000,15.512815
5000,15.803919
6000,15.939584
7000,15.953117
8000,16.01304
9000,16.068916
10000,13.777798
11000,15.169212
12000,15.652287
13000,15.741303
14000,16.081703
15000,16.114147
16000,16.145945
17000,16.385723
18000,16.109608
19000,16.025785
20000,15.851482
21000,16.117348
22000,16.151667
23000,15.801289
24000,16.067276
25000,16.057833
26000,16.14779
27000,16.073368
28000,15.987414
29000,16.202753
30000,16.351118
31000,16.193138
32000,16.039387
33000,16.073502
34000,15.893491
35000,16.19847
36000,16.156353
37000,16.064266
38000,16.110302
39000,16.048157
40000,16.035482
41000,16.089577
42000,16.120434
43000,15.964445
44000,16.109676
45000,16.145546
46000,16.15969
47000,16.146015
48000,16.061985
49000,16.114388
50000,16.141075
51000,16.115662
52000,16.12363
53000,16.105255
54000,16.12581
55000,16.1141
56000,15.991278
57000,15.994813
58000,15.99711
59000,16.026585
60000,16.038246
61000,16.0691
62000,16.1008
63000,16.11541
64000,16.091955
65000,16.111343
66000,16.11556
67000,16.090874
68000,16.115925
69000,16.207947
70000,16.104843
71000,16.115856
72000,16.05754
73000,16.065954
74000,16.088617
75000,16.13372
76000,16.121727
77000,16.12048
78000,16.123598
79000,16.140072
80000,16.14914
81000,16.150213
82000,16.12738
83000,16.119164
84000,16.11121
85000,16.142803
86000,16.144968
87000,16.098595
88000,16.118023
89000,16.132381
90000,16.140053
91000,16.125122
92000,16.097256
93000,16.122482
94000,16.104792
95000,16.123707
96000,16.115593
97000,16.100704
98000,16.1342
99000,16.113792
100000,16.104654
