"step","upstreamPressure_DP161_707,50-0,22-0,25=6.64503"
0,1.432943
1000,6.7244086
2000,6.475213
3000,6.500953
4000,6.6456227
5000,6.596623
6000,6.5484333
7000,6.464779
8000,6.5191145
9000,6.534528
10000,6.131755
11000,6.6599503
12000,6.738907
13000,6.5189815
14000,6.4960437
15000,6.5117335
16000,6.4581647
17000,6.5556917
18000,6.5073633
19000,6.523383
20000,6.516116
21000,6.5553637
22000,6.570841
23000,6.279828
24000,6.434492
25000,6.4811363
26000,6.521126
27000,6.519044
28000,6.5163
29000,6.5516176
30000,6.6203613
31000,6.6200314
32000,6.564361
33000,6.575908
34000,6.399418
35000,6.4418435
36000,6.476369
37000,6.483575
38000,6.517273
39000,6.5279884
40000,6.550831
41000,6.5766535
42000,6.594775
43000,6.559562
44000,6.57944
45000,6.593451
46000,6.6121664
47000,6.612356
48000,6.5859275
49000,6.6266804
50000,6.6237326
51000,6.618431
52000,6.6344285
53000,6.6249886
54000,6.637555
55000,6.6358223
56000,6.5318832
57000,6.5693245
58000,6.5564804
59000,6.577285
60000,6.5953665
61000,6.6059904
62000,6.6221657
63000,6.622837
64000,6.626068
65000,6.6414986
66000,6.6296163
67000,6.636653
68000,6.642032
69000,6.667568
70000,6.636591
71000,6.638774
72000,6.6160593
73000,6.6299825
74000,6.6357374
75000,6.652726
76000,6.6478024
77000,6.649883
78000,6.6600366
79000,6.654854
80000,6.672748
81000,6.6690335
82000,6.663054
83000,6.6631126
84000,6.66226
85000,6.6666136
86000,6.660953
87000,6.6531425
88000,6.655751
89000,6.667059
90000,6.6646633
91000,6.666568
92000,6.646159
93000,6.6572433
94000,6.648388
95000,6.6591167
96000,6.656269
97000,6.6505833
98000,6.665141
99000,6.653966
100000,6.653099
