"step","upstreamPressure_DP155_662,50-0,74-0,13=6.82799"
0,1.9231579
1000,7.1271224
2000,6.736529
3000,6.647848
4000,6.6385555
5000,6.601049
6000,6.614074
7000,6.684842
8000,6.7365656
9000,6.5762157
10000,6.7935457
11000,6.63496
12000,6.6516085
13000,6.6437407
14000,6.6959124
15000,6.6519485
16000,6.661854
17000,6.6752195
18000,6.684119
19000,6.6927543
20000,6.659583
21000,6.6489882
22000,6.704668
23000,6.707
24000,6.7046022
25000,6.6913333
26000,6.700199
27000,6.7031593
28000,6.723916
29000,6.72634
30000,6.7391953
31000,6.7366133
32000,6.7517405
33000,6.747902
34000,6.7660313
35000,6.7653513
36000,6.7796993
37000,6.6982923
38000,6.747505
39000,6.757394
40000,6.7880125
41000,6.7841573
42000,6.783969
43000,6.797789
44000,6.8014364
45000,6.807835
46000,6.8133297
47000,6.8078294
48000,6.7588205
49000,6.783634
50000,6.784785
51000,6.804823
52000,6.8090067
53000,6.8260565
54000,6.829562
55000,6.8337526
56000,6.8278
57000,6.813001
58000,6.823703
59000,6.830974
60000,6.8377633
61000,6.8289933
62000,6.8387804
63000,6.835657
64000,6.8409586
65000,6.8467216
66000,6.835706
67000,6.8430767
68000,6.8534956
69000,6.8379016
70000,6.8434925
71000,6.8382006
72000,6.844185
73000,6.8386593
74000,6.8388734
75000,6.8365564
76000,6.8308077
77000,6.8354053
78000,6.836876
79000,6.8341947
80000,6.832652
81000,6.7983866
82000,6.80443
83000,6.8230133
84000,6.8367352
85000,6.8366714
86000,6.836769
87000,6.8372536
88000,6.833002
89000,6.828943
90000,6.824545
91000,6.826626
92000,6.819207
93000,6.840473
94000,6.8320932
95000,6.8258343
96000,6.831743
97000,6.8335195
98000,6.823724
99000,6.8285155
100000,6.815157
