"step","upstreamPressure_DP79_972,73-0,89-0,39=5.82216"
500000,6.2135615
