"step","upstreamPressure_DP165_347,50-0,50-0,33=9.17385"
0,3.620462
1000,9.252766
2000,9.212745
3000,9.262231
4000,9.203666
5000,9.391636
6000,9.057854
7000,9.20588
8000,9.213875
9000,9.262041
10000,9.171704
11000,9.273441
12000,9.219303
13000,9.135158
14000,9.142008
15000,9.095384
16000,9.066956
17000,9.20565
18000,9.1919155
19000,9.196936
20000,9.108593
21000,9.12768
22000,9.164497
23000,9.1074915
24000,9.159841
25000,9.125524
26000,9.152576
27000,9.170452
28000,9.182452
29000,9.154207
30000,9.111509
31000,9.125351
32000,9.085023
33000,9.174767
34000,9.134361
35000,9.113557
36000,9.338381
37000,9.104605
38000,9.147407
39000,9.175487
40000,9.155188
41000,9.143868
42000,9.051544
43000,9.196806
44000,9.162418
45000,9.138062
46000,9.16766
47000,9.165888
48000,9.179522
49000,9.153044
50000,9.158835
51000,9.145222
52000,9.149366
53000,9.22338
54000,9.118584
55000,9.168587
56000,9.178236
57000,9.162346
58000,9.161459
59000,9.16094
60000,9.171277
61000,9.216436
62000,9.185534
63000,9.211567
64000,9.165705
65000,9.172101
66000,9.253834
67000,9.196154
68000,9.17996
69000,9.161262
70000,9.174336
71000,9.149778
72000,9.171058
73000,9.143431
74000,9.141859
75000,9.177361
76000,9.173584
77000,9.173485
78000,9.188393
79000,9.167488
80000,9.169418
81000,9.1804905
82000,9.169516
83000,9.162314
84000,9.209164
85000,9.180601
86000,9.212628
87000,9.160213
88000,9.139441
89000,9.184451
90000,9.167461
91000,9.180719
92000,9.190956
93000,9.140629
94000,9.168969
95000,9.168749
96000,9.159319
97000,9.170872
98000,9.157371
99000,9.173868
100000,9.187059
