"step","downstreamPressure_DP154_482,50-0,38-0,11=2.36858"
0,0.7068469
1000,2.159936
2000,2.2839181
3000,2.4644866
4000,2.4383528
5000,2.8189378
6000,2.9212637
7000,2.9024491
8000,2.721131
9000,2.1677427
10000,2.4001198
11000,2.5743277
12000,2.6641936
13000,2.6624956
14000,2.6290085
15000,2.588923
16000,2.588832
17000,2.5056443
18000,2.4688616
19000,2.427721
20000,2.4028559
21000,2.3898282
22000,2.3410509
23000,2.3660717
24000,2.349524
25000,2.3132796
26000,2.3036842
27000,2.3080478
28000,2.30985
29000,2.3923004
30000,2.375688
31000,2.3872933
32000,2.3575644
33000,2.362132
34000,2.3439083
35000,2.3191981
36000,2.3140345
37000,2.3111537
38000,2.3363662
39000,2.3355093
40000,2.31352
41000,2.3232417
42000,2.3422732
43000,2.3491073
44000,2.3148272
45000,2.339196
46000,2.3497148
47000,2.3187492
48000,2.3038445
49000,2.3336372
50000,2.3313417
51000,2.3513818
52000,2.3304732
53000,2.348154
54000,2.3075082
55000,2.3331661
56000,2.3380945
57000,2.332097
58000,2.3399916
59000,2.34317
60000,2.3303103
61000,2.3428485
62000,2.337191
63000,2.356483
64000,2.3380857
65000,2.338287
66000,2.34765
67000,2.3548656
68000,2.3526464
69000,2.2663832
70000,2.280892
71000,2.2815413
72000,2.2882829
73000,2.296834
74000,2.285934
75000,2.3143933
76000,2.3257592
77000,2.3162732
78000,2.360575
79000,2.3317902
80000,2.3377314
81000,2.343153
82000,2.3488774
83000,2.3488703
84000,2.3550901
85000,2.3518977
86000,2.3683465
87000,2.361489
88000,2.3582928
89000,2.3654532
90000,2.3685036
91000,2.3652816
92000,2.383181
93000,2.391736
94000,2.3785036
95000,2.4389977
96000,2.4060376
97000,2.3782377
98000,2.3962595
99000,2.4034348
100000,2.3913546
