"step","downstreamPressure_DP79_972,73-0,89-0,39=1.39173"
0,2.815884
1000,1.4272957
2000,1.450435
3000,1.402707
4000,1.4374199
5000,1.3105451
6000,1.2698507
7000,1.4013313
8000,1.3485782
9000,1.3329754
10000,1.4080979
11000,1.3427513
12000,1.3766508
13000,1.3842043
14000,1.3507788
15000,1.4164066
16000,1.4055572
17000,1.3838748
18000,1.4777794
19000,1.4040651
20000,1.3984082
21000,1.4040976
22000,1.3851154
23000,1.353364
24000,1.3885899
25000,1.3837106
26000,1.3915722
27000,1.3641865
28000,1.3763978
29000,1.4013383
30000,1.3837979
31000,1.399132
32000,1.3969514
33000,1.3671216
34000,1.3793352
35000,1.3798754
36000,1.3787135
37000,1.34811
38000,1.3549852
39000,1.3699393
40000,1.3782578
41000,1.3881456
42000,1.3994665
43000,1.3795962
44000,1.3924001
45000,1.3882456
46000,1.4014161
47000,1.3814701
48000,1.3753662
49000,1.3881516
50000,1.3934454
51000,1.3789546
52000,1.3902341
53000,1.3982706
54000,1.3720891
55000,1.3831881
56000,1.4080389
57000,1.3883266
58000,1.3974917
59000,1.3926579
60000,1.382546
61000,1.3943038
62000,1.3865099
63000,1.3937901
64000,1.3829718
65000,1.4038954
66000,1.4035089
67000,1.392206
68000,1.3804219
69000,1.3932691
70000,1.3817418
71000,1.4002578
72000,1.3866017
73000,1.3864994
74000,1.3969464
75000,1.3796022
76000,1.3941969
77000,1.388873
78000,1.3977579
79000,1.3867307
80000,1.3923326
81000,1.3965497
82000,1.3950398
83000,1.3768725
84000,1.3882911
85000,1.3834512
86000,1.3851697
87000,1.382333
88000,1.3983666
89000,1.3878363
90000,1.3875852
91000,1.3908236
92000,1.3788824
93000,1.3800657
94000,1.3879526
95000,1.3823705
96000,1.3868856
97000,1.3879796
98000,1.3836457
99000,1.3806267
100000,1.3825052
