"step","downstreamPressure_DP163_887,50-0,34-0,29=1.45538"
0,1.8740838
1000,1.5638992
2000,1.5338544
3000,1.4656209
4000,1.5472319
5000,1.3974798
6000,1.363444
7000,1.4742563
8000,1.4149249
9000,1.3848666
10000,1.4934042
11000,1.4412935
12000,1.4499446
13000,1.4524479
14000,1.4336891
15000,1.4832313
16000,1.4697927
17000,1.4424804
18000,1.5400798
19000,1.4781711
20000,1.4700742
21000,1.4732459
22000,1.449728
23000,1.4341171
24000,1.4485755
25000,1.4656528
26000,1.4538294
27000,1.4348656
28000,1.4487245
29000,1.4738965
30000,1.4456583
31000,1.4658718
32000,1.4662671
33000,1.4417627
34000,1.4398676
35000,1.4508173
36000,1.4438448
37000,1.42809
38000,1.4238799
39000,1.4403174
40000,1.4568394
41000,1.460681
42000,1.4778199
43000,1.4530869
44000,1.4552048
45000,1.4570335
46000,1.4791691
47000,1.4588265
48000,1.450362
49000,1.4645456
50000,1.4629074
51000,1.4438725
52000,1.4546782
53000,1.4798329
54000,1.4602736
55000,1.4554714
56000,1.4828274
57000,1.4594121
58000,1.4696245
59000,1.4616594
60000,1.4515401
61000,1.4670103
62000,1.4611827
63000,1.4741614
64000,1.455627
65000,1.4733727
66000,1.4710691
67000,1.4587896
68000,1.4542627
69000,1.4595886
70000,1.4476308
71000,1.4762485
72000,1.4563565
73000,1.4553275
74000,1.4707748
75000,1.450257
76000,1.4794859
77000,1.4638214
78000,1.4705199
79000,1.4628152
80000,1.4657851
81000,1.4680275
82000,1.4629394
83000,1.4523182
84000,1.4576888
85000,1.4598011
86000,1.4588869
87000,1.4610789
88000,1.4624128
89000,1.4594142
90000,1.4569657
91000,1.4642775
92000,1.4514451
93000,1.4597635
94000,1.4575732
95000,1.4540856
96000,1.4630377
97000,1.4629918
98000,1.4553428
99000,1.4532951
100000,1.456031
