"step","downstreamPressure_DP165_347,50-0,50-0,33=3.22474"
0,1.4649206
1000,3.3455005
2000,3.329735
3000,3.264318
4000,3.2807875
5000,3.1760578
6000,3.1621492
7000,3.1993647
8000,3.1578732
9000,3.176869
10000,3.2632394
11000,3.2108135
12000,3.2053232
13000,3.219438
14000,3.2050157
15000,3.2610774
16000,3.260548
17000,3.212329
18000,3.2815425
19000,3.247255
20000,3.2289224
21000,3.249754
22000,3.2245593
23000,3.191949
24000,3.216643
25000,3.2243304
26000,3.2114098
27000,3.2003088
28000,3.204121
29000,3.2246525
30000,3.1966867
31000,3.2473624
32000,3.1927457
33000,3.1957664
34000,3.1914473
35000,3.2128782
36000,3.2086859
37000,3.1855717
38000,3.205573
39000,3.200468
40000,3.2154498
41000,3.2358239
42000,3.2350845
43000,3.2085452
44000,3.2131903
45000,3.2103593
46000,3.2302613
47000,3.2115455
48000,3.1975849
49000,3.215353
50000,3.2143788
51000,3.2039616
52000,3.2037158
53000,3.244039
54000,3.2218637
55000,3.212273
56000,3.2247987
57000,3.2174287
58000,3.2464242
59000,3.2209258
60000,3.227367
61000,3.2291837
62000,3.218295
63000,3.2187133
64000,3.2213922
65000,3.2359874
66000,3.2321339
67000,3.2304099
68000,3.2204711
69000,3.218849
70000,3.2233114
71000,3.2430534
72000,3.2224865
73000,3.215787
74000,3.2403293
75000,3.223083
76000,3.2302046
77000,3.2401059
78000,3.2138147
79000,3.2092128
80000,3.2293997
81000,3.2213366
82000,3.2224765
83000,3.2222419
84000,3.2170792
85000,3.2276583
86000,3.214511
87000,3.2151237
88000,3.2085376
89000,3.2158954
90000,3.2128248
91000,3.2249377
92000,3.2052882
93000,3.219529
94000,3.2195086
95000,3.2205238
96000,3.22222
97000,3.2280877
98000,3.2225504
99000,3.21868
100000,3.2176878
