"step","upstreamPressure_DP154_482,50-0,38-0,11=7.86321"
0,1.2834374
1000,7.397994
2000,7.9812746
3000,7.70817
4000,8.081356
5000,7.8753977
6000,7.6474714
7000,7.885929
8000,7.828956
9000,7.825633
10000,7.865239
11000,7.964766
12000,7.820587
13000,7.9117193
14000,7.841421
15000,7.878314
16000,8.041066
17000,7.8421645
18000,7.898135
19000,7.9225326
20000,7.893733
21000,7.8437862
22000,7.875004
23000,7.8260956
24000,7.839075
25000,7.837468
26000,7.8042226
27000,7.8197227
28000,7.845312
29000,7.8076773
30000,7.8081527
31000,7.8739223
32000,7.7106085
33000,7.821953
34000,7.8120484
35000,7.83844
36000,7.834017
37000,7.8178983
38000,7.769285
39000,7.855516
40000,7.788115
41000,7.855933
42000,7.8762445
43000,7.837389
44000,7.841319
45000,7.8441076
46000,7.8458967
47000,7.845204
48000,7.8296547
49000,7.8276377
50000,7.846535
51000,7.818998
52000,7.8239136
53000,7.7805424
54000,7.8778358
55000,7.84004
56000,7.8230724
57000,7.833537
58000,7.8458753
59000,7.831627
60000,7.860003
61000,7.844023
62000,7.8515663
63000,7.8263884
64000,7.8329525
65000,7.872279
66000,7.8414145
67000,7.8353767
68000,7.813117
69000,7.8303823
70000,7.851587
71000,7.8869624
72000,7.8468847
73000,7.8758464
74000,7.832998
75000,7.8786983
76000,7.8033094
77000,7.877292
78000,7.7782655
79000,7.867488
80000,7.8443356
81000,7.8308935
82000,7.8333974
83000,7.8665056
84000,7.85398
85000,7.85715
86000,7.830557
87000,7.863516
88000,7.924321
89000,7.841759
90000,7.833804
91000,7.8544765
92000,7.8237867
93000,7.841312
94000,7.835544
95000,7.8518953
96000,7.832753
97000,7.8482122
98000,7.858061
99000,7.8424816
100000,7.829088
