"step","upstreamPressure_DP157_617,50-0,90-0,17=7.00055"
0,2.22348
1000,6.772542
2000,7.1498947
3000,6.7966967
4000,7.171131
5000,6.962023
6000,6.7754035
7000,7.00105
8000,6.918023
9000,6.9293528
10000,6.961421
11000,7.077895
12000,6.9367476
13000,7.0107646
14000,6.959361
15000,7.004222
16000,7.1819515
17000,6.966758
18000,7.0413513
19000,7.041049
20000,7.017783
21000,6.979619
22000,6.9949284
23000,6.9508295
24000,6.9892635
25000,6.9784017
26000,6.9291964
27000,6.9452715
28000,6.9920506
29000,6.951101
30000,6.954812
31000,6.999878
32000,6.870845
33000,6.9529533
34000,6.955964
35000,6.9765463
36000,6.9777274
37000,6.961644
38000,6.9184356
39000,6.991489
40000,6.952468
41000,7.0043077
42000,7.017619
43000,6.9904194
44000,6.996254
45000,6.9929876
46000,6.9740915
47000,6.987112
48000,6.976116
49000,6.972623
50000,6.983493
51000,6.961553
52000,6.9666786
53000,6.9602623
54000,7.0001135
55000,6.97854
56000,6.98841
57000,6.9827538
58000,6.991114
59000,6.9881077
60000,7.002398
61000,6.9831142
62000,6.9891143
63000,6.9849253
64000,6.9734263
65000,7.0149136
66000,6.992987
67000,6.9847803
68000,6.9584303
69000,6.9833584
70000,6.9916964
71000,7.0161433
72000,6.9941373
73000,7.002802
74000,6.9766827
75000,7.0133495
76000,6.979873
77000,6.9962387
78000,6.9441934
79000,6.998892
80000,6.9880967
81000,6.976514
82000,6.9772463
83000,7.0184174
84000,6.9862113
85000,6.998293
86000,6.981909
87000,7.011215
88000,7.017152
89000,6.980298
90000,6.977294
91000,6.990155
92000,6.9703894
93000,6.978745
94000,6.9828653
95000,6.9876385
96000,6.978674
97000,6.98885
98000,6.9916134
99000,6.985729
100000,6.975127
