"step","downstreamPressure_DP156_437,50-0,26-0,15=2.57115"
0,1.2677679
1000,2.1601567
2000,2.4931583
3000,2.489088
4000,2.582886
5000,2.6065855
6000,2.6079063
7000,2.6490169
8000,2.6311617
9000,2.069692
10000,2.499077
11000,2.6001525
12000,2.6243098
13000,2.6256824
14000,2.646832
15000,2.6402545
16000,2.6411579
17000,2.6396122
18000,2.6489983
19000,2.6497097
20000,2.6316123
21000,2.6234508
22000,2.6490045
23000,2.6558127
24000,2.6476266
25000,2.6471639
26000,2.6409159
27000,2.6337528
28000,2.643267
29000,2.6203701
30000,2.6089385
31000,2.6156533
32000,2.6082146
33000,2.5966535
34000,2.592815
35000,2.5929575
36000,2.5816422
37000,2.6043978
38000,2.5922532
39000,2.5902553
40000,2.5845008
41000,2.5925975
42000,2.588992
43000,2.5933156
44000,2.5947192
45000,2.600161
46000,2.5901098
47000,2.5981398
48000,2.607164
49000,2.58937
50000,2.5901237
51000,2.595036
52000,2.5982287
53000,2.6035864
54000,2.6084247
55000,2.6039605
56000,2.6062918
57000,2.5905309
58000,2.5980918
59000,2.590798
60000,2.5925283
61000,2.589586
62000,2.595131
63000,2.591743
64000,2.5900774
65000,2.5896516
66000,2.5901678
67000,2.5930774
68000,2.5861912
69000,2.5789163
70000,2.5890698
71000,2.5872514
72000,2.5791602
73000,2.5895345
74000,2.5862088
75000,2.5859141
76000,2.5870783
77000,2.5842113
78000,2.5815382
79000,2.5875092
80000,2.5803456
81000,2.586111
82000,2.5841246
83000,2.5906358
84000,2.586457
85000,2.5835385
86000,2.5842829
87000,2.579906
88000,2.587615
89000,2.5881445
90000,2.5827613
91000,2.5841687
92000,2.5833702
93000,2.5906332
94000,2.58318
95000,2.596898
96000,2.5954332
97000,2.5937784
98000,2.5928512
99000,2.5948873
100000,2.5958452
