"step","downstreamPressure_DP156_437,50-0,26-0,15=2.57115"
0,1.0516013
1000,2.2680955
2000,2.422916
3000,2.5290942
4000,2.511364
5000,2.5139322
6000,2.5093625
7000,2.5658164
8000,2.4479136
9000,2.5256197
10000,2.5439267
11000,2.5354328
12000,2.4715245
13000,2.5461779
14000,2.4940765
15000,2.5016432
16000,2.5052452
17000,2.5222235
18000,2.5677614
19000,2.529027
20000,2.5522661
21000,2.5398383
22000,2.5694816
23000,2.5738616
24000,2.5637608
25000,2.5475607
26000,2.5474477
27000,2.5817404
28000,2.5648596
29000,2.5449123
30000,2.5995848
31000,2.5624957
32000,2.561681
33000,2.5848913
34000,2.5709677
35000,2.5613887
36000,2.5670428
37000,2.5698714
38000,2.5592618
39000,2.5479558
40000,2.5537264
41000,2.5458536
42000,2.5443358
43000,2.5680568
44000,2.5436344
45000,2.5318193
46000,2.5578325
47000,2.5546355
48000,2.5435295
49000,2.5543356
50000,2.5413632
51000,2.549346
52000,2.538103
53000,2.5510068
54000,2.5188637
55000,2.5541997
56000,2.5450141
57000,2.5416613
58000,2.5393987
59000,2.553294
60000,2.546608
61000,2.5547266
62000,2.5177746
63000,2.5205486
64000,2.5400004
65000,2.522341
66000,2.5260222
67000,2.5338912
68000,2.5356278
69000,2.526527
70000,2.5342274
71000,2.5299325
72000,2.5160367
73000,2.5383627
74000,2.5329297
75000,2.5320284
76000,2.5343986
77000,2.5322642
78000,2.5202289
79000,2.5226235
80000,2.529208
81000,2.5275319
82000,2.52217
83000,2.5083895
84000,2.5219607
85000,2.5211887
86000,2.5162263
87000,2.5269427
88000,2.526841
89000,2.536047
90000,2.53409
91000,2.5266566
92000,2.5121243
93000,2.5284836
94000,2.5307174
95000,2.5243416
96000,2.5488238
97000,2.5422232
98000,2.537109
99000,2.5383563
100000,2.5567243
