"step","downstreamPressure_DP36_572,73-0,32-0,23=2.03157"
500000,2.1470466
