"step","upstreamPressure_DP162_302,50-0,54-0,27=9.94633"
0,0.91571546
1000,0.002301802
2000,-0.0034315507
3000,-0.008280831
4000,0.0050451593
5000,0.012394002
6000,0.027118117
7000,0.053390667
8000,0.1468795
9000,0.318719
10000,0.43048573
11000,0.9703206
12000,1.3271284
13000,2.2560136
14000,3.1417475
15000,0.82621825
16000,3.4555693
17000,4.2041163
18000,4.9228945
19000,5.66826
20000,5.8747005
21000,6.171501
22000,6.535456
23000,6.7216983
24000,6.9266315
25000,7.112808
26000,7.2187705
27000,7.321742
28000,7.479289
29000,7.469921
30000,7.6233816
31000,7.7951894
32000,7.750803
33000,7.8996167
34000,7.9680576
35000,8.070789
36000,7.8040257
37000,8.123677
38000,8.143547
39000,8.205478
40000,8.091925
41000,8.043642
42000,8.297632
43000,8.423594
44000,8.221279
45000,8.19841
46000,8.032982
47000,8.3874445
48000,8.501634
49000,8.421875
50000,8.024397
51000,8.505967
52000,8.486492
53000,8.521252
54000,8.317487
55000,8.533115
56000,8.551161
57000,8.582943
58000,8.55335
59000,8.540762
60000,8.497702
61000,8.387636
62000,8.484683
63000,8.601034
64000,8.676901
65000,8.562695
66000,8.711614
67000,8.410651
68000,7.407414
69000,8.563649
70000,8.666661
71000,8.703881
72000,8.662804
73000,8.742035
74000,8.668966
75000,8.747702
76000,8.714833
77000,8.750318
78000,8.61169
79000,8.718109
80000,8.282986
81000,8.691053
82000,8.780467
83000,8.766196
84000,8.666191
85000,8.745652
86000,8.83461
87000,8.611017
88000,8.618322
89000,8.665417
90000,8.812193
91000,8.841167
92000,8.701139
93000,8.418518
94000,8.745742
95000,8.688726
96000,8.708752
97000,8.842388
98000,8.796923
99000,8.868776
100000,8.8456
