"step","downstreamPressure_DP168_122,50-0,46-0,39=8.68628"
0,-0.12348532
1000,0.019934397
2000,0.067538224
3000,0.14914967
4000,0.55961096
5000,0.9700036
6000,1.7099597
7000,1.8787706
8000,2.095276
9000,2.3704271
10000,2.394869
11000,2.3889897
12000,2.4988618
13000,2.7912936
14000,2.5501232
15000,2.6045747
16000,2.6474175
17000,2.8666863
18000,2.8972268
19000,2.5631557
20000,3.142841
21000,3.1948154
22000,3.126395
23000,3.1904716
24000,3.382514
25000,3.204692
26000,3.5113573
27000,3.6228356
28000,3.7576663
29000,3.7694025
30000,3.8041792
31000,3.9797766
32000,4.1162453
33000,4.280676
34000,4.373995
35000,4.515975
36000,4.5518293
37000,4.6065683
38000,4.740195
39000,4.8623905
40000,4.946947
41000,5.0712633
42000,5.0429506
43000,5.0673285
44000,5.243081
45000,5.1612535
46000,5.4315915
47000,4.785982
48000,5.4550843
49000,5.6372423
50000,5.6463695
51000,5.5869017
52000,5.553535
53000,5.622607
54000,5.7417393
55000,5.8737288
56000,6.0909343
57000,6.034735
58000,5.896989
59000,6.1099095
60000,6.230341
61000,6.288063
62000,6.203287
63000,6.1991196
64000,6.063742
65000,6.311282
66000,6.1692595
67000,6.343657
68000,6.3833
69000,6.410967
70000,6.412419
71000,6.346836
72000,6.377238
73000,6.4219084
74000,6.6221485
75000,6.6490965
76000,6.650564
77000,6.671191
78000,6.654247
79000,6.6614375
80000,6.6243286
81000,6.6302786
82000,6.688876
83000,6.7728505
84000,6.784478
85000,6.8252263
86000,6.795721
87000,6.844145
88000,6.827239
89000,6.812688
90000,6.8999634
91000,6.9489355
92000,6.8899918
93000,6.9840875
94000,7.0415955
95000,7.022497
96000,7.039733
97000,7.0158587
98000,7.0990176
99000,7.0738735
100000,7.103959
