"step","upstreamPressure_DP79_972,73-0,89-0,39=5.82216"
0,-0.37655717
1000,-0.30239493
2000,-0.5259648
3000,-0.62394774
4000,0.41456717
5000,1.8810301
6000,3.268251
7000,3.6561391
8000,3.4024882
9000,4.9110756
10000,4.655631
11000,4.780903
12000,5.302087
13000,5.7041683
14000,5.2578425
15000,5.2994785
16000,5.616371
17000,5.90742
18000,6.141012
19000,5.3212786
20000,6.3951006
21000,6.5469313
22000,5.8526373
23000,6.0822134
24000,6.6031528
25000,6.2848744
26000,6.526252
27000,6.606766
28000,6.6088743
29000,6.4900484
30000,6.480149
31000,6.3895845
32000,6.4498916
33000,6.4091034
34000,6.249426
35000,6.418351
36000,6.338914
37000,6.350502
38000,6.173573
39000,6.29948
40000,6.309776
41000,6.3141017
42000,6.223608
43000,6.2374525
44000,6.1825233
45000,6.248125
46000,6.2590036
47000,5.744998
48000,6.179686
49000,6.2135406
50000,6.1776214
51000,6.152507
52000,6.0842714
53000,6.106781
54000,6.08592
55000,6.1798544
56000,6.15106
57000,6.1687536
58000,6.1257987
59000,6.1584673
60000,6.1230006
61000,6.1318803
62000,6.120269
63000,6.136935
64000,6.0243483
65000,6.138606
66000,6.131446
67000,6.1404934
68000,6.131177
69000,6.1446896
70000,6.1676393
71000,6.0081844
72000,6.093972
73000,6.043858
74000,6.112418
75000,6.1200075
76000,6.1069903
77000,6.11817
78000,6.043954
79000,6.0774584
80000,6.0570745
81000,6.054901
82000,6.068471
83000,6.068926
84000,6.0675983
85000,6.063677
86000,6.0731707
87000,6.0517435
88000,6.0330577
89000,6.0110283
90000,6.0521283
91000,6.0412607
92000,6.0307918
93000,6.0294247
94000,5.988901
95000,6.0468807
96000,6.015708
97000,6.003523
98000,6.0245543
99000,6.0209255
100000,6.011565
