"step","downstreamPressure_DP161_707,50-0,22-0,25=1.70184"
500000,2.137466
