"step","upstreamPressure_DP165_347,50-0,50-0,33=9.17385"
500000,10.620457
