"step","upstreamPressure_DP157_617,50-0,90-0,17=7.00055"
0.0,1.1509566
1000.0,6.7295856
2000.0,6.7195215
3000.0,6.7116165
4000.0,6.788617
5000.0,6.689808
6000.0,6.787237
7000.0,6.7715244
8000.0,6.7244363
9000.0,6.7482452
10000.0,6.8324337
11000.0,6.7937894
12000.0,6.7804785
13000.0,6.7960715
14000.0,6.7530837
15000.0,6.755357
16000.0,6.8055487
17000.0,6.767782
18000.0,6.8155046
19000.0,6.7797394
20000.0,6.8076
21000.0,6.808162
22000.0,6.8295503
23000.0,6.785876
24000.0,6.805963
25000.0,6.7818394
26000.0,6.8191986
27000.0,6.805491
28000.0,6.787423
29000.0,6.828704
30000.0,6.8052645
31000.0,6.8178844
32000.0,6.816207
33000.0,6.803706
34000.0,6.7964873
35000.0,6.7940855
36000.0,6.8262987
37000.0,6.8242855
38000.0,6.814005
39000.0,6.833305
40000.0,6.8106794
41000.0,6.8135667
42000.0,6.8210626
43000.0,6.82551
44000.0,6.8290706
45000.0,6.8176923
46000.0,6.8370857
47000.0,6.8214083
48000.0,6.85287
49000.0,6.824713
50000.0,6.8402967
51000.0,6.8154964
52000.0,6.824625
53000.0,6.8106647
54000.0,6.8183203
55000.0,6.8216095
56000.0,6.820465
57000.0,6.8089757
58000.0,6.8319693
59000.0,6.8171473
60000.0,6.831556
61000.0,6.8087716
62000.0,6.815466
63000.0,6.814548
64000.0,6.8208737
65000.0,6.8228745
66000.0,6.816886
67000.0,6.8179946
68000.0,6.816294
69000.0,6.8207245
70000.0,6.809773
71000.0,6.800779
72000.0,6.7977805
73000.0,6.8034506
74000.0,6.789474
75000.0,6.797783
76000.0,6.8011417
77000.0,6.8025885
78000.0,6.7851257
79000.0,6.779681
80000.0,6.795043
81000.0,6.7914414
82000.0,6.7983475
83000.0,6.7908916
84000.0,6.7910395
85000.0,6.7923346
86000.0,6.7929735
87000.0,6.786481
88000.0,6.785097
89000.0,6.779651
90000.0,6.7790785
91000.0,6.7866926
92000.0,6.779266
93000.0,6.7822104
94000.0,6.77612
95000.0,6.77952
96000.0,6.7874565
97000.0,6.7818365
98000.0,6.7786045
99000.0,6.7717714
100000.0,6.774125
