"step","downstreamPressure_DP158_752,50-0,78-0,19=1.64935"
0,2.3083158
1000,2.517333
2000,2.809085
3000,2.7647219
4000,2.6821897
5000,2.4932818
6000,2.383021
7000,2.3058507
8000,2.3123312
9000,2.2424169
10000,2.2608657
11000,2.2246747
12000,2.150891
13000,2.0135808
14000,2.0283604
15000,1.999118
16000,1.9044104
17000,1.8847039
18000,1.8869817
19000,1.9048755
20000,1.9199562
21000,1.9193205
22000,1.8840961
23000,1.9102108
24000,1.9262298
25000,1.8089085
26000,1.8060249
27000,1.8171043
28000,1.8505285
29000,1.8595356
30000,1.878738
31000,1.8749909
32000,1.8862171
33000,1.8547182
34000,1.875766
35000,1.8666867
36000,1.8795066
37000,1.8694804
38000,1.8682424
39000,1.8681536
40000,1.8840979
41000,1.8708489
42000,1.8589745
43000,1.8673751
44000,1.8524885
45000,1.8554695
46000,1.849332
47000,1.8558322
48000,1.8444133
49000,1.8380573
50000,1.8388708
51000,1.8357697
52000,1.8322052
53000,1.836009
54000,1.820446
55000,1.8161755
56000,1.8326261
57000,1.8074349
58000,1.7852547
59000,1.7969245
60000,1.7850779
61000,1.791313
62000,1.7743509
63000,1.7820745
64000,1.7790248
65000,1.7913655
66000,1.7695597
67000,1.764025
68000,1.7686257
69000,1.7658956
70000,1.7666392
71000,1.7420759
72000,1.7622128
73000,1.7654715
74000,1.7439876
75000,1.7515156
76000,1.7313776
77000,1.7335681
78000,1.7349839
79000,1.7302172
80000,1.7337524
81000,1.7375567
82000,1.7312521
83000,1.7281489
84000,1.7270993
85000,1.7113298
86000,1.7146636
87000,1.7163701
88000,1.7119699
89000,1.7096941
90000,1.7145412
91000,1.7062544
92000,1.7040195
93000,1.7133466
94000,1.7033176
95000,1.7019429
96000,1.6998448
97000,1.7091169
98000,1.6971236
99000,1.6935062
100000,1.692309
