"step","downstreamPressure_DP173_392,50-0,30-0,49=2.82539"
0,2.4225225
1000,2.427529
2000,2.801733
3000,2.9120078
4000,2.9367142
5000,2.8360496
6000,2.803688
7000,2.813884
8000,2.8286862
9000,2.7639365
10000,2.8182442
11000,2.8214579
12000,2.8201747
13000,2.7568395
14000,2.778904
15000,2.800934
16000,2.6078122
17000,2.5863812
18000,2.6246428
19000,2.6972127
20000,2.7573395
21000,2.7952528
22000,2.7828858
23000,2.7973847
24000,2.8555994
25000,2.7043254
26000,2.7254958
27000,2.7584472
28000,2.8256361
29000,2.842863
30000,2.8772693
31000,2.886329
32000,2.9120104
33000,2.8731353
34000,2.9027674
35000,2.8920536
36000,2.917336
37000,2.9063554
38000,2.9105258
39000,2.9063168
40000,2.92623
41000,2.9200947
42000,2.9343622
43000,2.9341927
44000,2.9232774
45000,2.9194915
46000,2.9219155
47000,2.9256077
48000,2.9221396
49000,2.9146109
50000,2.9205172
51000,2.9258015
52000,2.920514
53000,2.919714
54000,2.9181552
55000,2.918037
56000,2.9288626
57000,2.9152803
58000,2.8881516
59000,2.9075825
60000,2.9025192
61000,2.9070954
62000,2.8911161
63000,2.8977847
64000,2.8925095
65000,2.9086246
66000,2.8874745
67000,2.882782
68000,2.8891256
69000,2.8910556
70000,2.9015079
71000,2.8712406
72000,2.8890133
73000,2.8934317
74000,2.8691125
75000,2.880771
76000,2.861429
77000,2.8668072
78000,2.8699956
79000,2.8679032
80000,2.8688605
81000,2.8784337
82000,2.8696756
83000,2.8723636
84000,2.867393
85000,2.8607552
86000,2.8584588
87000,2.864521
88000,2.8621998
89000,2.8571763
90000,2.8628907
91000,2.8560493
92000,2.855403
93000,2.869337
94000,2.855431
95000,2.85823
96000,2.8576665
97000,2.8669353
98000,2.8563528
99000,2.8549838
100000,2.8501456
