"step","downstreamPressure_DP164_167,50-0,62-0,31=6.40145"
0,1.7511339
1000,3.410908
2000,3.8256085
3000,4.026855
4000,4.143038
5000,4.08533
6000,4.189369
7000,4.300872
8000,4.5256124
9000,4.448197
10000,4.5807123
11000,4.6478553
12000,4.7492666
13000,4.853897
14000,4.9052176
15000,4.9843884
16000,4.9892693
17000,4.9590807
18000,5.034307
19000,5.1284146
20000,5.212134
21000,5.27242
22000,5.303789
23000,5.367903
24000,5.4293413
25000,5.220174
26000,5.335284
27000,5.386106
28000,5.469535
29000,5.52365
30000,5.5958624
31000,5.6347737
32000,5.704644
33000,5.692354
34000,5.73749
35000,5.7668266
36000,5.7742586
37000,5.809768
38000,5.8268557
39000,5.8517046
40000,5.8567886
41000,5.8827496
42000,5.900459
43000,5.9118843
44000,5.927858
45000,5.934287
46000,5.963619
47000,5.981868
48000,5.9700623
49000,5.970816
50000,5.9920783
51000,5.9645987
52000,5.995573
53000,6.0129027
54000,6.0216913
55000,6.01096
56000,6.045081
57000,6.03898
58000,6.019253
59000,6.0441236
60000,6.036578
61000,6.0283146
62000,6.0392723
63000,6.046268
64000,6.047216
65000,6.0724907
66000,6.060003
67000,6.06605
68000,6.0620437
69000,6.075118
70000,6.0966225
71000,6.057122
72000,6.0727873
73000,6.0855927
74000,6.0625277
75000,6.088149
76000,6.074722
77000,6.086035
78000,6.0772514
79000,6.0925107
80000,6.084966
81000,6.0941615
82000,6.0942097
83000,6.096297
84000,6.099043
85000,6.0831456
86000,6.0986385
87000,6.101874
88000,6.1045656
89000,6.1036196
90000,6.1094084
91000,6.1029196
92000,6.1045833
93000,6.126276
94000,6.123465
95000,6.109921
96000,6.1169853
97000,6.13297
98000,6.1230173
99000,6.1195307
100000,6.1117816
