"step","upstreamPressure_DP86_145,45-0,43-0,41=16.0418"
0,2.316241
1000,8.728095
2000,8.902271
3000,9.880394
4000,10.348605
5000,10.489525
6000,10.967827
7000,11.269386
8000,12.234037
9000,11.960717
10000,12.190383
11000,12.416412
12000,12.775572
13000,13.142542
14000,13.187016
15000,13.281769
16000,13.921253
17000,13.854235
18000,13.853409
19000,13.857729
20000,13.946846
21000,13.913929
22000,13.952311
23000,13.925512
24000,14.028022
25000,13.899235
26000,14.063929
27000,13.954535
28000,13.846572
29000,13.895483
30000,13.908548
31000,14.012125
32000,14.026703
33000,14.01286
34000,14.090285
35000,14.014984
36000,14.103439
37000,14.047634
38000,14.06606
39000,14.248268
40000,14.18171
41000,14.160099
42000,14.255056
43000,14.167212
44000,14.1488
45000,14.149224
46000,14.175086
47000,14.183861
48000,14.18896
49000,14.178883
50000,14.199418
51000,14.342643
52000,14.318115
53000,14.211795
54000,14.246372
55000,14.242205
56000,14.216335
57000,14.241537
58000,14.292154
59000,14.25787
60000,14.2577
61000,14.241889
62000,14.250637
63000,14.232899
64000,14.219749
65000,14.2308035
66000,14.231303
67000,14.229698
68000,14.221877
69000,14.234359
70000,14.29928
71000,14.232218
72000,14.187166
73000,14.190369
74000,14.187643
75000,14.1892605
76000,14.206142
77000,14.200056
78000,14.165438
79000,14.207262
80000,14.170617
81000,14.174368
82000,14.172525
83000,14.165331
84000,14.176836
85000,14.131426
86000,14.151137
87000,14.121657
88000,14.130526
89000,14.144023
90000,14.123192
91000,14.100539
92000,14.119055
93000,14.110454
94000,14.111882
95000,14.06892
96000,14.085072
97000,14.083075
98000,14.079376
99000,14.077763
100000,14.074858
