"step","upstreamPressure_DP156_437,50-0,26-0,15=8.22467"
0,4.42021
1000,4.69779
2000,5.0775094
3000,5.7458916
4000,6.3315544
5000,6.5435514
6000,6.8275614
7000,6.948468
8000,7.0312653
9000,7.1728296
10000,7.324848
11000,7.379788
12000,7.466187
13000,7.6914682
14000,7.5655384
15000,7.6550846
16000,7.460209
17000,7.624009
18000,7.65306
19000,7.6720986
20000,7.737419
21000,7.733356
22000,7.756275
23000,7.6893444
24000,7.765605
25000,7.624218
26000,7.7757616
27000,7.747436
28000,7.74446
29000,7.759555
30000,7.7656136
31000,7.794697
32000,7.794183
33000,7.7750216
34000,7.797797
35000,7.783118
36000,7.8092318
37000,7.7922893
38000,7.807852
39000,7.818159
40000,7.813672
41000,7.8196406
42000,7.8191423
43000,7.826576
44000,7.831506
45000,7.8419204
46000,7.834818
47000,7.857653
48000,7.8724747
49000,7.8576097
50000,7.87221
51000,7.8698387
52000,7.9046364
53000,7.877759
54000,7.8994284
55000,7.9107676
56000,7.9104176
57000,7.919236
58000,7.9059944
59000,7.9130797
60000,7.928831
61000,7.920721
62000,7.926537
63000,7.916147
64000,7.9221506
65000,7.948846
66000,7.9520025
67000,7.9422135
68000,7.9452257
69000,7.9596777
70000,8.0192585
71000,7.968814
72000,7.960763
73000,7.972067
74000,7.936436
75000,7.9818053
76000,7.9666195
77000,7.9827795
78000,7.97561
79000,7.986887
80000,7.9904914
81000,7.9971333
82000,7.9970765
83000,7.9940476
84000,8.002304
85000,8.004668
86000,8.002265
87000,7.992979
88000,8.002699
89000,8.002285
90000,8.0048275
91000,7.9965005
92000,8.01092
93000,8.01314
94000,8.010563
95000,8.000094
96000,8.013547
97000,8.018011
98000,8.02063
99000,8.012163
100000,8.013609
