"step","downstreamPressure_DP154_482,50-0,38-0,11=2.36858"
0,2.4034667
1000,2.5985641
2000,2.8638775
3000,2.9665592
4000,2.9301069
5000,2.8730922
6000,2.7941253
7000,2.8481555
8000,2.8075802
9000,2.5544791
10000,2.6055415
11000,2.671823
12000,2.668402
13000,2.5651665
14000,2.6084614
15000,2.6311169
16000,2.670167
17000,2.644596
18000,2.670443
19000,2.6144922
20000,2.6764524
21000,2.6603732
22000,2.7006145
23000,2.6741982
24000,2.6778626
25000,2.70187
26000,2.6884217
27000,2.6681008
28000,2.6715207
29000,2.7158747
30000,2.7188268
31000,2.6973128
32000,2.7243109
33000,2.7212944
34000,2.6585646
35000,2.68042
36000,2.6939392
37000,2.694964
38000,2.6968586
39000,2.6883197
40000,2.6792703
41000,2.6813595
42000,2.6836112
43000,2.6779294
44000,2.6623063
45000,2.648747
46000,2.643439
47000,2.6489987
48000,2.6369052
49000,2.6398492
50000,2.6445327
51000,2.623136
52000,2.6117444
53000,2.628678
54000,2.5916917
55000,2.5993311
56000,2.6023045
57000,2.5813472
58000,2.5886059
59000,2.5792062
60000,2.5680249
61000,2.5630698
62000,2.5555496
63000,2.5595179
64000,2.5507884
65000,2.5474195
66000,2.545362
67000,2.5240278
68000,2.529164
69000,2.5292783
70000,2.5332355
71000,2.5286188
72000,2.5151646
73000,2.5117002
74000,2.5081937
75000,2.5014572
76000,2.4965358
77000,2.501487
78000,2.499539
79000,2.4905849
80000,2.4952679
81000,2.4789574
82000,2.4855278
83000,2.4731364
84000,2.4804392
85000,2.4816914
86000,2.4744897
87000,2.4682674
88000,2.4688709
89000,2.4628901
90000,2.4617724
91000,2.455607
92000,2.4576962
93000,2.4626641
94000,2.4490008
95000,2.452897
96000,2.44407
97000,2.4601002
98000,2.4507895
99000,2.4579318
100000,2.4507995
