"step","upstreamPressure_DP156_437,50-0,26-0,15=8.22467"
0,2.7415626
1000,8.234197
2000,8.248661
3000,8.169488
4000,8.201091
5000,8.200663
6000,8.113391
7000,8.189845
8000,8.278543
9000,8.240645
10000,8.168117
11000,8.273159
12000,8.222129
13000,8.224138
14000,8.201826
15000,8.284687
16000,8.230794
17000,8.229866
18000,8.238058
19000,8.19888
20000,8.192211
21000,8.316883
22000,8.202574
23000,8.182579
24000,8.1468315
25000,8.153025
26000,8.077097
27000,8.154423
28000,8.076628
29000,8.104661
30000,8.104298
31000,8.098638
32000,8.077993
33000,8.057754
34000,8.015442
35000,8.031644
36000,8.01787
37000,7.973445
38000,8.021044
39000,7.976511
40000,7.9801116
41000,7.997907
42000,7.9488764
43000,7.9593697
44000,7.94312
45000,7.9368773
46000,7.9460893
47000,7.899747
48000,7.926287
49000,7.9232855
50000,7.922454
51000,7.924391
52000,7.9186764
53000,7.9106703
54000,7.896533
55000,7.8983355
56000,7.91734
57000,7.913502
58000,7.898074
59000,7.8419065
60000,7.8362207
61000,7.8603277
62000,7.868432
63000,7.8783054
64000,7.8886075
65000,7.900839
66000,7.915614
67000,7.8799257
68000,7.892874
69000,7.8992834
70000,7.910841
71000,7.904764
72000,7.9140067
73000,7.913568
74000,7.903914
75000,7.914954
76000,7.893832
77000,7.9110527
78000,7.930292
79000,7.9410343
80000,7.9441404
81000,7.93481
82000,7.930791
83000,7.940526
84000,7.9498243
85000,7.9415197
86000,7.9473977
87000,7.9247713
88000,7.94268
89000,7.9401793
90000,7.947767
91000,7.9505816
92000,7.9718513
93000,7.9705024
94000,7.9786396
95000,7.9261484
96000,7.912401
97000,7.9151287
98000,7.913829
99000,7.9166803
100000,7.928722
