"step","upstreamPressure_DP157_617,50-0,90-0,17=7.00055"
0,2.337967
1000,6.655313
2000,6.698023
3000,6.7520638
4000,6.7093167
5000,6.817243
6000,6.737488
7000,6.7894077
8000,6.755336
9000,6.7535315
10000,6.8816366
11000,6.8151655
12000,6.7823944
13000,6.8198204
14000,6.829889
15000,6.849244
16000,6.815099
17000,6.8114758
18000,6.8174577
19000,6.818944
20000,6.8180985
21000,6.8741465
22000,6.811859
23000,6.806109
24000,6.8197393
25000,6.807198
26000,6.8563795
27000,6.8307796
28000,6.8213897
29000,6.8228364
30000,6.842238
31000,6.8316946
32000,6.8303375
33000,6.85362
34000,6.8347673
35000,6.824437
36000,6.826638
37000,6.800371
38000,6.8124866
39000,6.834221
40000,6.8054595
41000,6.835952
42000,6.820083
43000,6.803092
44000,6.8322706
45000,6.8080416
46000,6.826078
47000,6.8029265
48000,6.8083086
49000,6.806964
50000,6.802522
51000,6.8020835
52000,6.8122363
53000,6.8129826
54000,6.8134623
55000,6.8103952
56000,6.8207397
57000,6.8161287
58000,6.7967257
59000,6.804504
60000,6.816167
61000,6.8189564
62000,6.828345
63000,6.8280916
64000,6.8128934
65000,6.8017964
66000,6.8171654
67000,6.8310375
68000,6.807914
69000,6.82378
70000,6.828289
71000,6.8250694
72000,6.8076077
73000,6.823935
74000,6.811218
75000,6.8155293
76000,6.8153467
77000,6.8190546
78000,6.82572
79000,6.828062
80000,6.825904
81000,6.8230777
82000,6.834666
83000,6.837245
84000,6.826936
85000,6.836277
86000,6.8247967
87000,6.8284607
88000,6.824886
89000,6.8324156
90000,6.8281274
91000,6.8304844
92000,6.826021
93000,6.826749
94000,6.82773
95000,6.8286886
96000,6.818742
97000,6.822772
98000,6.8217564
99000,6.830569
100000,6.832762
