"step","downstreamPressure_DP156_437,50-0,26-0,15=2.57115"
500000,2.4833252
