"step","downstreamPressure_DP157_617,50-0,90-0,17=1.94625"
500000,2.0135906
