"step","downstreamPressure_DP172_842,50-0,42-0,47=1.5114"
0,1.62118
1000,1.9606545
2000,2.178389
3000,2.1161816
4000,2.2437475
5000,2.4635916
6000,2.600833
7000,2.5417078
8000,2.4350438
9000,2.1512413
10000,1.7918762
11000,1.7687634
12000,1.7926679
13000,1.7933158
14000,1.7810736
15000,1.7539377
16000,1.7563899
17000,1.7454245
18000,1.71367
19000,1.7260538
20000,1.7263379
21000,1.6967193
22000,1.749692
23000,1.7369552
24000,1.7571533
25000,1.7412419
26000,1.7183983
