"step","downstreamPressure_DP166_797,50-0,94-0,35=1.61743"
0,2.041617
1000,2.2391367
2000,2.4722233
3000,2.3651905
4000,2.4450033
5000,2.6275105
6000,2.7741356
7000,2.7505074
8000,2.6243424
9000,2.6359677
10000,2.329579
11000,2.2954779
12000,2.3032176
13000,2.2823243
14000,2.2544289
15000,2.206812
16000,2.1925325
17000,2.1544747
18000,2.118918
19000,2.128199
20000,2.1362643
21000,2.106002
22000,2.1624606
23000,2.129735
24000,2.1283565
25000,2.0992117
26000,2.0790443
