"step","downstreamPressure_DP160_257,50-0,98-0,23=4.24236"
0,1.977649
1000,2.789647
2000,2.9958627
3000,2.8506398
4000,2.9465375
5000,3.1393602
6000,3.4139032
7000,3.4227505
8000,3.3200097
9000,3.5284715
10000,3.342711
11000,3.3876662
12000,3.489443
13000,3.5574007
14000,3.6007953
15000,3.5935955
16000,3.6433263
17000,3.6730175
18000,3.69366
19000,3.7588153
20000,3.793332
21000,3.811965
22000,3.8151047
23000,3.815497
24000,3.8814964
25000,3.959475
26000,3.9788985
