"step","downstreamPressure_DP170_572,50-0,86-0,43=2.05888"
0,1.5683413
1000,2.162301
2000,2.4392083
3000,2.411596
4000,2.4976366
5000,2.6219745
6000,2.7445674
7000,2.6679277
8000,2.5094638
9000,2.296726
10000,2.0252132
11000,2.0675397
12000,2.1302216
13000,2.1460214
14000,2.1516378
15000,2.1226826
16000,2.106586
17000,2.090971
18000,2.077147
19000,2.1017227
20000,2.1054533
21000,2.091118
22000,2.097364
23000,2.0854862
24000,2.102623
25000,2.097227
26000,2.097049
