"step","downstreamPressure_DP156_437,50-0,26-0,15=2.57115"
0,2.0549457
1000,2.4960454
2000,2.7518167
3000,2.6637616
4000,2.752734
5000,2.8799415
6000,3.084381
7000,3.0455658
8000,2.9137971
9000,2.7220223
10000,2.435048
11000,2.4558692
12000,2.5060725
13000,2.535356
14000,2.5686116
15000,2.5767899
16000,2.6016023
17000,2.624877
18000,2.6265817
19000,2.6585562
20000,2.677815
21000,2.6873753
22000,2.7144003
23000,2.703184
24000,2.7417686
25000,2.7532566
26000,2.745751
27000,2.7546701
28000,2.748241
29000,2.7356014
30000,2.7182431
31000,2.7399225
32000,2.6746562
33000,2.6970363
34000,2.6842017
35000,2.679437
36000,2.6925402
37000,2.6592526
38000,2.639218
39000,2.6527748
40000,2.6469016
41000,2.6499524
42000,2.6301193
43000,2.6273742
44000,2.6317396
45000,2.636551
46000,2.6029263
47000,2.6375465
48000,2.6280951
49000,2.637494
50000,2.6232762
51000,2.6358361
52000,2.6380424
53000,2.6095033
54000,2.6374285
55000,2.6316075
56000,2.643594
57000,2.6390667
58000,2.6285853
59000,2.651372
60000,2.6257687
61000,2.626574
62000,2.6440587
63000,2.6328979
64000,2.6576731
65000,2.6287282
66000,2.6323214
67000,2.6260083
68000,2.6434054
69000,2.6322343
70000,2.6379447
71000,2.6348505
72000,2.625743
73000,2.6501327
74000,2.6513512
75000,2.6511922
76000,2.651536
77000,2.6394186
78000,2.6465383
79000,2.6447868
80000,2.677764
81000,2.64917
82000,2.6567264
83000,2.6287189
84000,2.6215825
85000,2.6092613
86000,2.623813
87000,2.6121268
88000,2.6068745
89000,2.607283
90000,2.6045728
91000,2.6251254
92000,2.618517
93000,2.6253946
94000,2.623774
95000,2.6256504
96000,2.6215987
97000,2.6240587
98000,2.6505308
99000,2.632924
100000,2.6549466
