"step","downstreamPressure_DP173_392,50-0,30-0,49=2.82539"
0,1.5427527
1000,2.2878985
2000,2.6378057
3000,2.60328
4000,2.723073
5000,2.8812807
6000,3.0698476
7000,3.0222275
8000,2.878133
9000,2.752312
10000,2.2624397
11000,2.3524163
12000,2.4786506
13000,2.5609994
14000,2.6119375
15000,2.6123607
16000,2.6230378
17000,2.6338449
18000,2.6370952
19000,2.6708295
20000,2.6894886
21000,2.6989713
22000,2.690359
23000,2.6597114
24000,2.7034378
25000,2.7416136
26000,2.7371213
