"step","downstreamPressure_DP168_122,50-0,46-0,39=8.68628"
0,1.4472349
1000,2.803383
2000,2.943687
3000,2.7415612
4000,2.8346853
5000,3.1138337
6000,3.4246216
7000,3.435728
8000,3.3998733
9000,4.38793
10000,3.8144794
11000,3.7726088
12000,3.83397
13000,3.879066
14000,3.888787
15000,3.8484497
16000,3.999774
17000,4.092765
18000,4.1801863
19000,4.3072567
20000,4.404258
21000,4.476577
22000,4.424858
23000,4.495762
24000,4.6043005
25000,4.7354336
26000,4.7998877
