"step","downstreamPressure_DP164_167,50-0,62-0,31=6.40145"
0,1.1184034
1000,2.6154618
2000,2.9283633
3000,2.8214145
4000,2.9213808
5000,3.1265063
6000,3.376418
7000,3.3668528
8000,3.2673178
9000,3.6463645
10000,3.3972526
11000,3.4346094
12000,3.4973278
13000,3.5210423
14000,3.5263548
15000,3.480263
16000,3.4943523
17000,3.4895768
18000,3.5065117
19000,3.5877802
20000,3.65351
21000,3.6962137
22000,3.877248
23000,3.8673859
24000,3.8956008
25000,3.9478693
26000,3.954395
