"step","downstreamPressure_DP162_302,50-0,54-0,27=3.65749"
0,1.6377158
1000,2.483739
2000,2.740499
3000,2.6430707
4000,2.7160008
5000,2.873454
6000,3.0991173
7000,3.0910902
8000,2.9891853
9000,3.216786
10000,2.7021222
11000,2.7460396
12000,2.8529465
13000,2.92246
14000,2.9882753
15000,3.0026498
16000,3.021661
17000,3.0464683
18000,3.044722
19000,3.0631034
20000,3.0938416
21000,3.108192
22000,3.151962
23000,3.102835
24000,3.1437821
25000,3.1777346
26000,3.1933393
