"step","downstreamPressure_DP165_347,50-0,50-0,33=3.22474"
0,1.6712742
1000,2.4464307
2000,2.6427202
3000,2.5423255
4000,2.686799
5000,2.9087806
6000,3.1593158
7000,3.1501074
8000,3.0716212
9000,3.337625
10000,3.0507722
11000,3.0810068
12000,3.1474888
13000,3.21202
14000,3.2495284
15000,3.23518
16000,3.2457385
17000,3.2609148
18000,3.2560215
19000,3.3057554
20000,3.3404503
21000,3.3304365
22000,3.3116498
23000,3.2921922
24000,3.318492
25000,3.360263
26000,3.3521156
