"step","downstreamPressure_DP79_972,73-0,89-0,39=1.39173"
0,1.383482
1000,2.0817711
2000,2.332877
3000,2.2809353
4000,2.3501043
5000,2.4640117
6000,2.6084263
7000,2.5371013
8000,2.3917606
9000,1.9595426
10000,1.7205434
11000,1.6985966
12000,1.685455
13000,1.6617281
14000,1.6315794
15000,1.6081233
16000,1.5796638
17000,1.5679266
18000,1.5331142
19000,1.5239358
20000,1.5272682
21000,1.4963182
22000,1.5752344
23000,1.5443605
24000,1.5496168
25000,1.5350385
26000,1.51793
