"step","downstreamPressure_DP158_752,50-0,78-0,19=1.64935"
0,1.5943406
1000,2.166269
2000,2.4627924
3000,2.4114685
4000,2.4891016
5000,2.6264133
6000,2.7820754
7000,2.7343073
8000,2.5793567
9000,2.2284164
10000,2.081173
11000,2.1010637
12000,2.1227155
13000,2.0950255
14000,2.0551572
15000,2.007072
16000,1.988131
17000,1.9562106
18000,1.9161724
19000,1.9229727
20000,1.9236238
21000,1.8893366
22000,1.9327446
23000,1.8933004
24000,1.8959821
25000,1.8874784
26000,1.8743658
