"step","downstreamPressure_DP155_662,50-0,74-0,13=1.8154"
0,1.5500317
1000,2.4394763
2000,2.6673121
3000,2.5572364
4000,2.662457
5000,2.842182
6000,3.08311
7000,3.0274467
8000,2.9161239
9000,3.0761142
10000,2.8099797
11000,2.7837548
12000,2.7949493
13000,2.7790353
14000,2.7597704
15000,2.7032743
16000,2.6839752
17000,2.6475976
18000,2.5961013
19000,2.5973237
20000,2.6124027
21000,2.5771308
22000,2.646452
23000,2.621006
24000,2.598411
25000,2.5689313
26000,2.5356934
27000,2.5147822
28000,2.4799576
29000,2.4359064
30000,2.4059124
31000,2.396012
32000,2.3268175
33000,2.3220754
34000,2.286651
35000,2.2786655
36000,2.2699704
37000,2.2364156
38000,2.1953242
39000,2.1939101
40000,2.1824784
41000,2.177411
42000,2.1477246
43000,2.1347275
44000,2.1310813
45000,2.132359
46000,2.1109219
47000,2.1322463
48000,2.1073601
49000,2.1018088
50000,2.0780194
51000,2.085912
52000,2.078695
53000,2.0469594
54000,2.076958
55000,2.0715032
56000,2.0725584
57000,2.067421
58000,2.061303
59000,2.0719283
60000,2.0538623
61000,2.050195
62000,2.0669742
63000,2.055303
64000,2.077752
65000,2.044117
66000,2.0546355
67000,2.0394812
68000,2.0584397
69000,2.0514889
70000,2.0540106
71000,2.0502446
72000,2.0399268
73000,2.0588942
74000,2.0679376
75000,2.056437
76000,2.0617533
77000,2.0484748
78000,2.0519676
79000,2.0570018
80000,2.0842113
81000,2.054761
82000,2.0699112
83000,2.0383122
84000,2.0217803
85000,2.0099723
86000,2.0125575
87000,2.0045455
88000,2.0019503
89000,2.0045576
90000,2.007174
91000,2.025447
92000,2.017291
93000,2.0238633
94000,2.0249898
95000,2.0233428
96000,2.0210023
97000,2.0239272
98000,2.0521755
99000,2.0342388
100000,2.0620172
