"step","upstreamPressure_DP36_572,73-0,32-0,23=7.22936"
0,2.602001
1000,3.0634348
2000,3.4768467
3000,3.4945302
4000,3.69308
5000,3.9021065
6000,4.4970713
7000,4.8168893
8000,5.122121
9000,6.334398
10000,5.9614477
11000,5.984547
12000,6.122077
13000,6.2873683
14000,6.406124
15000,6.402605
16000,6.457635
17000,6.515937
18000,6.5388303
19000,6.5921416
20000,6.5493026
21000,6.6248813
22000,6.6444116
23000,6.6023016
24000,6.7472143
25000,6.8921747
26000,6.856216
