"step","upstreamPressure_DP157_617,50-0,90-0,17=7.00055"
0,2.385136
1000,2.9505544
2000,3.3567927
3000,3.372833
4000,3.572832
5000,3.8216891
6000,4.4281406
7000,4.7472806
8000,5.0652447
9000,6.0317335
10000,5.7609253
11000,5.838955
12000,5.999892
13000,6.163783
14000,6.279747
15000,6.2683144
16000,6.336541
17000,6.386344
18000,6.39452
19000,6.4453835
20000,6.4043417
21000,6.4699955
22000,6.3182616
23000,6.3173437
24000,6.48081
25000,6.6227713
26000,6.5986023
