"step","upstreamPressure_DP163_887,50-0,34-0,29=6.04252"
0,2.1937618
1000,3.0781598
2000,3.424953
3000,3.3860507
4000,3.575006
5000,3.827487
6000,4.4346294
7000,4.7552366
8000,5.071698
9000,6.1872272
10000,5.8486385
11000,5.898289
12000,6.031766
13000,6.174157
14000,6.274478
15000,6.2539654
16000,6.3054
17000,6.341437
18000,6.3247623
19000,6.352468
20000,6.2995386
21000,6.3501873
22000,6.328994
23000,6.313136
24000,6.422864
25000,6.511495
26000,6.462118
