"step","upstreamPressure_DP170_572,50-0,86-0,43=7.25473"
0,2.115282
1000,2.8772569
2000,3.3032336
3000,3.3800106
4000,3.5957835
5000,3.8310037
6000,4.4188824
7000,4.7404137
8000,5.0589724
9000,6.09339
10000,5.8148975
11000,5.8698006
12000,6.027073
13000,6.1927996
14000,6.313715
15000,6.3026876
16000,6.358016
17000,6.401848
18000,6.417799
19000,6.4724674
20000,6.429369
21000,6.493123
22000,6.4066315
23000,6.3880744
24000,6.5226297
25000,6.64816
26000,6.6134033
