"step","upstreamPressure_DP173_392,50-0,30-0,49=8.71445"
0,2.16082
1000,3.038291
2000,3.4548283
3000,3.4588358
4000,3.635755
5000,3.860624
6000,4.4636536
7000,4.7725677
8000,5.088273
9000,6.563969
10000,6.0188475
11000,6.0462675
12000,6.2125454
13000,6.4103427
14000,6.55297
15000,6.5574284
16000,6.635541
17000,6.705329
18000,6.7330317
19000,6.7882276
20000,6.742543
21000,6.8260283
22000,6.8600464
23000,6.794549
24000,6.971221
25000,7.1653333
26000,7.1321034
