"step","upstreamPressure_DP154_482,50-0,38-0,11=7.86321"
0,2.1702495
1000,2.961521
2000,3.3912935
3000,3.431216
4000,3.6400633
5000,3.8727508
6000,4.474408
7000,4.784774
8000,5.096186
9000,6.3536787
10000,5.9781837
11000,6.0208364
12000,6.180041
13000,6.3672905
14000,6.500657
15000,6.503996
16000,6.56297
17000,6.6210694
18000,6.6378465
19000,6.686749
20000,6.6449213
21000,6.716824
22000,6.7659492
23000,6.7098937
24000,6.858572
25000,7.0195856
26000,6.9783516
