"step","upstreamPressure_DP162_302,50-0,54-0,27=9.94633"
0,2.213761
1000,3.2877991
2000,3.607051
3000,3.5240316
4000,3.6562386
5000,3.8724818
6000,4.472768
7000,4.7876816
8000,5.1035724
9000,6.8140135
10000,6.2159667
11000,6.1921797
12000,6.3339148
13000,6.5224905
14000,6.662121
15000,6.668155
16000,6.7484903
17000,6.81964
18000,6.841233
19000,6.888414
20000,6.8542457
21000,6.9399776
22000,7.072754
23000,6.985464
24000,7.1786003
25000,7.395377
26000,7.37779
