"step","upstreamPressure_DP165_347,50-0,50-0,33=9.17385"
0,2.2928677
1000,3.1478412
2000,3.4554055
3000,3.4321017
4000,3.6320944
5000,3.8743134
6000,4.4798326
7000,4.790962
8000,5.1097007
9000,7.0064974
10000,6.3298683
11000,6.299539
12000,6.429814
13000,6.6257954
14000,6.7597685
15000,6.7537565
16000,6.8306313
17000,6.899581
18000,6.9203243
19000,6.973016
20000,6.934796
21000,7.0159464
22000,7.1967506
23000,7.096341
24000,7.2809463
25000,7.508308
26000,7.482006
