"step","upstreamPressure_DP168_122,50-0,46-0,39=18.1787"
0,2.0412636
1000,3.7403069
2000,3.9557767
3000,3.7523336
4000,3.8631833
5000,4.00557
6000,4.5951285
7000,4.859353
8000,5.1563053
9000,9.227937
10000,6.876992
11000,6.666585
12000,6.7958155
13000,7.035288
14000,7.1635103
15000,7.148005
16000,7.201803
17000,7.2833524
18000,7.309649
19000,7.352046
20000,7.292856
21000,7.3771467
22000,7.9177504
23000,7.6471324
24000,7.872569
25000,8.172912
26000,8.164506
