"step","upstreamPressure_DP155_662,50-0,74-0,13=6.82799"
0,2.0845969
1000,3.0972471
2000,3.4356887
3000,3.4225383
4000,3.621643
5000,3.863363
6000,4.479399
7000,4.7820263
8000,5.0987787
9000,6.619678
10000,6.1306853
11000,6.141304
12000,6.273653
13000,6.4477377
14000,6.568064
15000,6.5573673
16000,6.6209183
17000,6.6713
18000,6.6738462
19000,6.7221227
20000,6.6854277
21000,6.7536125
22000,6.8282127
23000,6.7629538
24000,6.908226
25000,7.065871
26000,7.02221
