"step","upstreamPressure_DP169_527,50-0,82-0,41=7.49971"
0,2.2533212
1000,3.1863155
2000,3.537196
3000,3.4698644
4000,3.6272633
5000,3.850089
6000,4.446989
7000,4.7586417
8000,5.0802755
9000,6.5741034
10000,6.0605392
11000,6.0746593
12000,6.221445
13000,6.400872
14000,6.5175533
15000,6.5010138
16000,6.5738225
17000,6.6275973
18000,6.6329565
19000,6.683338
20000,6.6424074
21000,6.710063
22000,6.7108088
23000,6.6692705
24000,6.8276157
25000,6.9974475
26000,6.964636
