"step","upstreamPressure_DP161_707,50-0,22-0,25=6.64503"
0,2.4800918
1000,3.0960758
2000,3.486257
3000,3.4454577
4000,3.624729
5000,3.857511
6000,4.4577246
7000,4.7669754
8000,5.081464
9000,6.4697704
10000,6.080178
11000,6.08751
12000,6.217758
13000,6.386071
14000,6.5053706
15000,6.496581
16000,6.563196
17000,6.614637
18000,6.623784
19000,6.6663847
20000,6.639869
21000,6.6978536
22000,6.7756815
23000,6.716752
24000,6.860762
25000,7.005184
26000,6.9572067
