"step","upstreamPressure_DP159_932,50-0,66-0,21=5.95092"
0,2.7825873
1000,2.956146
2000,3.348754
3000,3.3178606
4000,3.5120173
5000,3.7852957
6000,4.3968105
7000,4.727433
8000,5.0494986
9000,6.1611633
10000,5.8811436
11000,5.8952885
12000,6.029978
13000,6.179123
14000,6.2784386
15000,6.258045
16000,6.303496
17000,6.332673
18000,6.323843
19000,6.362638
20000,6.3257246
21000,6.3609867
22000,6.3715715
23000,6.337754
24000,6.4319477
25000,6.5223026
26000,6.469698
