"step","upstreamPressure_DP156_437,50-0,26-0,15=8.22467"
0,2.5534172
1000,3.3134105
2000,3.6196322
3000,3.5523317
4000,3.691603
5000,3.8917675
6000,4.4862633
7000,4.795785
8000,5.10859
9000,6.5658293
10000,6.073073
11000,6.0727487
12000,6.209716
13000,6.3855944
14000,6.51918
15000,6.52858
16000,6.6053243
17000,6.676737
18000,6.7094607
19000,6.772315
20000,6.7371283
21000,6.828017
22000,6.9020925
23000,6.8367352
24000,7.017665
25000,7.2084618
26000,7.1783514
