"step","upstreamPressure_DP158_752,50-0,78-0,19=6.44549"
0,2.097289
1000,2.8854523
2000,3.3025506
3000,3.3338027
4000,3.5358012
5000,3.7857022
6000,4.384143
7000,4.7150416
8000,5.034684
9000,5.9203205
10000,5.730401
11000,5.784045
12000,5.932313
13000,6.0850434
14000,6.1964817
15000,6.194195
16000,6.2573414
17000,6.298791
18000,6.3018923
19000,6.351327
20000,6.3100033
21000,6.3589234
22000,6.247997
23000,6.2219343
24000,6.3501654
25000,6.4710813
26000,6.431491
