"step","upstreamPressure_DP166_797,50-0,94-0,35=6.25159"
0,2.7240016
1000,3.0582402
2000,3.4436824
3000,3.4238687
4000,3.61625
5000,3.8536513
6000,4.4387407
7000,4.765307
8000,5.0800476
9000,6.3491526
10000,5.9949484
11000,6.004306
12000,6.132236
13000,6.282573
14000,6.391453
15000,6.376914
16000,6.4383693
17000,6.476458
18000,6.4869533
19000,6.534525
20000,6.4960537
21000,6.556731
22000,6.542621
23000,6.496058
24000,6.6294017
25000,6.755129
26000,6.712781
