"step","upstreamPressure_DP167_212,50-0,70-0,37=12.3879"
0,2.8422089
1000,3.494944
2000,3.718967
3000,3.590819
4000,3.717649
5000,3.9107158
6000,4.508801
7000,4.8064427
8000,5.1226854
9000,7.283078
10000,6.4383574
11000,6.3660235
12000,6.491705
13000,6.6921353
14000,6.824512
15000,6.8247557
16000,6.9067554
17000,6.9932823
18000,7.0229306
19000,7.0676584
20000,7.025214
21000,7.118355
22000,7.3894143
23000,7.2639084
24000,7.4735885
25000,7.7307687
26000,7.7171154
